日期,全国新增,全国无症状
截至9月16日24时新型冠状病毒肺炎疫情最新情况,73,456
截至9月15日24时新型冠状病毒肺炎疫情最新情况,99,715
截至9月14日24时新型冠状病毒肺炎疫情最新情况,119,803
截至9月13日24时新型冠状病毒肺炎疫情最新情况,189,747
截至9月12日24时新型冠状病毒肺炎疫情最新情况,180,706
截至9月11日24时新型冠状病毒肺炎疫情最新情况,149,767
截至9月10日24时新型冠状病毒肺炎疫情最新情况,158,922
截至9月9日24时新型冠状病毒肺炎疫情最新情况,206,953
截至9月8日24时新型冠状病毒肺炎疫情最新情况,217,952
截至9月7日24时新型冠状病毒肺炎疫情最新情况,174,1028
截至9月6日24时新型冠状病毒肺炎疫情最新情况,266,1159
截至9月5日24时新型冠状病毒肺炎疫情最新情况,225,1154
截至9月4日24时新型冠状病毒肺炎疫情最新情况,289,1230
截至9月3日24时新型冠状病毒肺炎疫情最新情况,304,1330
截至9月2日24时新型冠状病毒肺炎疫情最新情况,436,1360
截至9月1日24时新型冠状病毒肺炎疫情最新情况,316,1529
截至8月31日24时新型冠状病毒肺炎疫情最新情况,303,1563
截至8月30日24时新型冠状病毒肺炎疫情最新情况,342,1284
截至8月29日24时新型冠状病毒肺炎疫情最新情况,342,1306
截至8月28日24时新型冠状病毒肺炎疫情最新情况,301,1225
截至8月27日24时新型冠状病毒肺炎疫情最新情况,255,1027
截至8月26日24时新型冠状病毒肺炎疫情最新情况,245,1103
截至8月25日24时新型冠状病毒肺炎疫情最新情况,261,1238
截至8月24日24时新型冠状病毒肺炎疫情最新情况,345,1289
截至8月23日24时新型冠状病毒肺炎疫情最新情况,379,1261
截至8月22日24时新型冠状病毒肺炎疫情最新情况,306,1434
截至8月21日24时新型冠状病毒肺炎疫情最新情况,357,1456
截至8月20日24时新型冠状病毒肺炎疫情最新情况,549,1616
截至8月19日24时新型冠状病毒肺炎疫情最新情况,577,1574
截至8月18日24时新型冠状病毒肺炎疫情最新情况,555,2089
截至8月17日24时新型冠状病毒肺炎疫情最新情况,609,2772
截至8月16日24时新型冠状病毒肺炎疫情最新情况,566,2264
截至8月15日24时新型冠状病毒肺炎疫情最新情况,529,1781
截至8月14日24时新型冠状病毒肺炎疫情最新情况,690,1571
截至8月13日24时新型冠状病毒肺炎疫情最新情况,617,1788
截至8月12日24时新型冠状病毒肺炎疫情最新情况,644,1302
截至8月11日24时新型冠状病毒肺炎疫情最新情况,639,1153
截至8月10日24时新型冠状病毒肺炎疫情最新情况,610,1358
截至8月9日24时新型冠状病毒肺炎疫情最新情况,353,546
截至8月8日24时新型冠状病毒肺炎疫情最新情况,334,467
截至8月7日24时新型冠状病毒肺炎疫情最新情况,312,470
截至8月6日24时新型冠状病毒肺炎疫情最新情况,325,387
截至8月5日24时新型冠状病毒肺炎疫情最新情况,288,264
截至8月4日24时新型冠状病毒肺炎疫情最新情况,160,232
截至8月3日24时新型冠状病毒肺炎疫情最新情况,43,219
截至8月2日24时新型冠状病毒肺炎疫情最新情况,30,237
截至8月1日24时新型冠状病毒肺炎疫情最新情况,38,312
截至7月31日24时新型冠状病毒肺炎疫情最新情况,32,235
截至7月30日24时新型冠状病毒肺炎疫情最新情况,74,345
截至7月29日24时新型冠状病毒肺炎疫情最新情况,49,269
截至7月28日24时新型冠状病毒肺炎疫情最新情况,60,388
截至7月27日24时新型冠状病毒肺炎疫情最新情况,86,432
截至7月26日24时新型冠状病毒肺炎疫情最新情况,79,524
截至7月25日24时新型冠状病毒肺炎疫情最新情况,98,768
截至7月24日24时新型冠状病毒肺炎疫情最新情况,101,575
截至7月23日24时新型冠状病毒肺炎疫情最新情况,87,779
截至7月22日24时新型冠状病毒肺炎疫情最新情况,128,585
截至7月21日24时新型冠状病毒肺炎疫情最新情况,106,764
截至7月20日24时新型冠状病毒肺炎疫情最新情况,147,664
截至7月19日24时新型冠状病毒肺炎疫情最新情况,108,813
截至7月18日24时新型冠状病毒肺炎疫情最新情况,199,493
截至7月17日24时新型冠状病毒肺炎疫情最新情况,117,393
截至7月16日24时新型冠状病毒肺炎疫情最新情况,106,474
截至7月15日24时新型冠状病毒肺炎疫情最新情况,75,375
截至7月14日24时新型冠状病毒肺炎疫情最新情况,63,368
截至7月13日24时新型冠状病毒肺炎疫情最新情况,85,206
截至7月12日24时新型冠状病毒肺炎疫情最新情况,53,204
截至7月11日24时新型冠状病毒肺炎疫情最新情况,67,278
截至7月10日24时新型冠状病毒肺炎疫情最新情况,45,306
截至7月9日24时新型冠状病毒肺炎疫情最新情况,56,278
截至7月8日24时新型冠状病毒肺炎疫情最新情况,62,303
截至7月7日24时新型冠状病毒肺炎疫情最新情况,43,331
截至7月6日24时新型冠状病毒肺炎疫情最新情况,90,237
截至7月5日24时新型冠状病毒肺炎疫情最新情况,112,236
截至7月4日24时新型冠状病毒肺炎疫情最新情况,69,266
截至7月3日24时新型冠状病毒肺炎疫情最新情况,41,339
截至7月2日24时新型冠状病毒肺炎疫情最新情况,75,310
截至7月1日24时新型冠状病毒肺炎疫情最新情况,38,145
截至6月30日24时新型冠状病毒肺炎疫情最新情况,12,149
截至6月29日24时新型冠状病毒肺炎疫情最新情况,8,31
截至6月28日24时新型冠状病毒肺炎疫情最新情况,3,27
截至6月27日24时新型冠状病毒肺炎疫情最新情况,0,17
截至6月26日24时新型冠状病毒肺炎疫情最新情况,5,18
截至6月25日24时新型冠状病毒肺炎疫情最新情况,2,12
截至6月24日24时新型冠状病毒肺炎疫情最新情况,7,15
截至6月23日24时新型冠状病毒肺炎疫情最新情况,4,26
截至6月22日24时新型冠状病毒肺炎疫情最新情况,12,18
截至6月21日24时新型冠状病毒肺炎疫情最新情况,9,12
截至6月20日24时新型冠状病毒肺炎疫情最新情况,9,25
截至6月19日24时新型冠状病毒肺炎疫情最新情况,14,8
截至6月18日24时新型冠状病毒肺炎疫情最新情况,4,17
截至6月17日24时新型冠状病毒肺炎疫情最新情况,6,25
截至6月16日24时新型冠状病毒肺炎疫情最新情况,17,28
截至6月15日24时新型冠状病毒肺炎疫情最新情况,29,17
截至6月14日24时新型冠状病毒肺炎疫情最新情况,40,55
截至6月13日24时新型冠状病毒肺炎疫情最新情况,45,58
截至6月12日24时新型冠状病毒肺炎疫情最新情况,42,61
截至6月11日24时新型冠状病毒肺炎疫情最新情况,44,66
截至6月10日24时新型冠状病毒肺炎疫情最新情况,46,49
截至6月9日24时新型冠状病毒肺炎疫情最新情况,15,23
截至6月8日24时新型冠状病毒肺炎疫情最新情况,16,18
截至6月7日24时新型冠状病毒肺炎疫情最新情况,9,34
截至6月6日24时新型冠状病毒肺炎疫情最新情况,19,36
截至6月5日24时新型冠状病毒肺炎疫情最新情况,9,28
截至6月4日24时新型冠状病毒肺炎疫情最新情况,22,48
截至6月3日24时新型冠状病毒肺炎疫情最新情况,10,50
截至6月2日24时新型冠状病毒肺炎疫情最新情况,17,47
截至6月1日24时新型冠状病毒肺炎疫情最新情况,18,38
截至5月31日24时新型冠状病毒肺炎疫情最新情况,22,46
截至5月30日24时新型冠状病毒肺炎疫情最新情况,28,64
截至5月29日24时新型冠状病毒肺炎疫情最新情况,20,102
截至5月28日24时新型冠状病毒肺炎疫情最新情况,54,157
截至5月27日24时新型冠状病毒肺炎疫情最新情况,71,190
截至5月26日24时新型冠状病毒肺炎疫情最新情况,80,271
截至5月25日24时新型冠状病毒肺炎疫情最新情况,104,347
截至5月24日24时新型冠状病毒肺炎疫情最新情况,102,407
截至5月23日24时新型冠状病毒肺炎疫情最新情况,141,490
截至5月22日24时新型冠状病毒肺炎疫情最新情况,174,613
截至5月21日24时新型冠状病毒肺炎疫情最新情况,157,647
截至5月20日24时新型冠状病毒肺炎疫情最新情况,181,934
截至5月19日24时新型冠状病毒肺炎疫情最新情况,176,928
截至5月18日24时新型冠状病毒肺炎疫情最新情况,191,799
截至5月17日24时新型冠状病毒肺炎疫情最新情况,227,961
截至5月16日24时新型冠状病毒肺炎疫情最新情况,162,864
截至5月15日24时新型冠状病毒肺炎疫情最新情况,140,1015
截至5月14日24时新型冠状病毒肺炎疫情最新情况,226,1492
截至5月13日24时新型冠状病毒肺炎疫情最新情况,253,1724
截至5月12日24时新型冠状病毒肺炎疫情最新情况,312,2139
截至5月11日24时新型冠状病毒肺炎疫情最新情况,222,1630
截至5月10日24时新型冠状病毒肺炎疫情最新情况,302,1545
截至5月9日24时新型冠状病毒肺炎疫情最新情况,349,3077
截至5月8日24时新型冠状病毒肺炎疫情最新情况,401,3859
截至5月7日24时新型冠状病毒肺炎疫情最新情况,318,4065
截至5月6日24时新型冠状病毒肺炎疫情最新情况,345,4275
截至5月5日24时新型冠状病毒肺炎疫情最新情况,356,4272
截至5月4日24时新型冠状病毒肺炎疫情最新情况,360,4678
截至5月3日24时新型冠状病毒肺炎疫情最新情况,353,5075
截至5月2日24时新型冠状病毒肺炎疫情最新情况,367,5647
截至5月1日24时新型冠状病毒肺炎疫情最新情况,845,6895
截至4月30日24时新型冠状病毒肺炎疫情最新情况,914,7339
截至4月29日24时新型冠状病毒肺炎疫情最新情况,1404,9293
截至4月28日24时新型冠状病毒肺炎疫情最新情况,5643,9942
截至4月27日24时新型冠状病毒肺炎疫情最新情况,1485,9791
截至4月26日24时新型冠状病毒肺炎疫情最新情况,1811,12404
截至4月25日24时新型冠状病毒肺炎疫情最新情况,1902,15814
截至4月24日24时新型冠状病毒肺炎疫情最新情况,2657,17528
截至4月23日24时新型冠状病毒肺炎疫情最新情况,1561,20230
截至4月22日24时新型冠状病毒肺炎疫情最新情况,2971,21355
截至4月21日24时新型冠状病毒肺炎疫情最新情况,2119,16383
截至4月20日24时新型冠状病毒肺炎疫情最新情况,2829,16551
截至4月19日24时新型冠状病毒肺炎疫情最新情况,2753,17066
截至4月18日24时新型冠状病毒肺炎疫情最新情况,3297,18187
截至4月17日24时新型冠状病毒肺炎疫情最新情况,2722,20639
截至4月16日24时新型冠状病毒肺炎疫情最新情况,3504,22510
截至4月15日24时新型冠状病毒肺炎疫情最新情况,3866,20809
截至4月14日24时新型冠状病毒肺炎疫情最新情况,3470,20691
截至4月13日24时新型冠状病毒肺炎疫情最新情况,2999,26315
截至4月12日24时新型冠状病毒肺炎疫情最新情况,1500,26418
截至4月11日24时新型冠状病毒肺炎疫情最新情况,1250,23294
截至4月10日24时新型冠状病毒肺炎疫情最新情况,1164,26345
截至4月9日24时新型冠状病毒肺炎疫情最新情况,1318,25036
截至4月8日24时新型冠状病毒肺炎疫情最新情况,1334,23735
截至4月7日24时新型冠状病毒肺炎疫情最新情况,1538,22561
截至4月6日24时新型冠状病毒肺炎疫情最新情况,1283,21706
截至4月5日24时新型冠状病毒肺炎疫情最新情况,1383,19084
截至4月4日24时新型冠状病毒肺炎疫情最新情况,1172,15234
截至4月3日24时新型冠状病毒肺炎疫情最新情况,1366,11769
截至4月2日24时新型冠状病毒肺炎疫情最新情况,1455,11688
截至4月1日24时新型冠状病毒肺炎疫情最新情况,2086,7789
截至3月31日24时新型冠状病毒肺炎疫情最新情况,1787,0
截至3月30日24时新型冠状病毒肺炎疫情最新情况,1802,6649
截至3月29日24时新型冠状病毒肺炎疫情最新情况,1565,7083
截至3月28日24时新型冠状病毒肺炎疫情最新情况,1222,5648
截至3月27日24时新型冠状病毒肺炎疫情最新情况,1212,4987
截至3月26日24时新型冠状病毒肺炎疫情最新情况,1207,4301
截至3月25日24时新型冠状病毒肺炎疫情最新情况,1257,4288
截至3月24日24时新型冠状病毒肺炎疫情最新情况,1277,3447
截至3月23日24时新型冠状病毒肺炎疫情最新情况,2002,2670
截至3月22日24时新型冠状病毒肺炎疫情最新情况,2582,2323
截至3月21日24时新型冠状病毒肺炎疫情最新情况,2279,2282
截至3月20日24时新型冠状病毒肺炎疫情最新情况,1945,2372
截至3月19日24时新型冠状病毒肺炎疫情最新情况,1656,2169
截至3月18日24时新型冠状病毒肺炎疫情最新情况,2157,1707
截至3月17日24时新型冠状病毒肺炎疫情最新情况,2357,1737
截至3月16日24时新型冠状病毒肺炎疫情最新情况,1226,1195
截至3月15日24时新型冠状病毒肺炎疫情最新情况,1822,1176
截至3月14日24时新型冠状病毒肺炎疫情最新情况,3507,1643
截至3月13日24时新型冠状病毒肺炎疫情最新情况,1337,776
截至3月12日24时新型冠状病毒肺炎疫情最新情况,1806,1306
截至3月11日24时新型冠状病毒肺炎疫情最新情况,475,1042
截至3月10日24时新型冠状病毒肺炎疫情最新情况,395,703
截至3月9日24时新型冠状病毒肺炎疫情最新情况,399,433
截至3月8日24时新型冠状病毒肺炎疫情最新情况,230,321
截至3月7日24时新型冠状病毒肺炎疫情最新情况,173,330
截至3月6日24时新型冠状病毒肺炎疫情最新情况,207,312
截至3月5日24时新型冠状病毒肺炎疫情最新情况,166,127
截至3月4日24时新型冠状病毒肺炎疫情最新情况,94,73
截至3月3日24时新型冠状病毒肺炎疫情最新情况,52,56
截至3月2日24时新型冠状病毒肺炎疫情最新情况,47,37
截至3月1日24时新型冠状病毒肺炎疫情最新情况,55,48
截至2月28日24时新型冠状病毒肺炎疫情最新情况,61,42
截至2月27日24时新型冠状病毒肺炎疫情最新情况,76,52
截至2月26日24时新型冠状病毒肺炎疫情最新情况,74,21
截至2月25日24时新型冠状病毒肺炎疫情最新情况,61,30
截至2月24日24时新型冠状病毒肺炎疫情最新情况,52,22
截至2月23日24时新型冠状病毒肺炎疫情最新情况,45,24
截至2月22日24时新型冠状病毒肺炎疫情最新情况,43,16
截至2月21日24时新型冠状病毒肺炎疫情最新情况,35,4
截至2月20日24时新型冠状病毒肺炎疫情最新情况,39,15
截至2月19日24时新型冠状病毒肺炎疫情最新情况,36,3
截至2月18日24时新型冠状病毒肺炎疫情最新情况,34,15
截至2月17日24时新型冠状病毒肺炎疫情最新情况,18,20
截至2月16日24时新型冠状病毒肺炎疫情最新情况,32,11
截至2月15日24时新型冠状病毒肺炎疫情最新情况,39,5
截至2月14日24时新型冠状病毒肺炎疫情最新情况,40,7
截至2月13日24时新型冠状病毒肺炎疫情最新情况,26,8
截至2月12日24时新型冠状病毒肺炎疫情最新情况,28,0
截至2月11日24时新型冠状病毒肺炎疫情最新情况,40,0
截至2月10日24时新型冠状病毒肺炎疫情最新情况,56,5
截至2月9日24时新型冠状病毒肺炎疫情最新情况,0,0
截至2月8日24时新型冠状病毒肺炎疫情最新情况,73,0
截至2月7日24时新型冠状病毒肺炎疫情最新情况,65,4
截至2月6日24时新型冠状病毒肺炎疫情最新情况,45,10
截至2月5日24时新型冠状病毒肺炎疫情最新情况,11,0
截至2月4日24时新型冠状病毒肺炎疫情最新情况,9,0
截至2月3日24时新型冠状病毒肺炎疫情最新情况,12,0
截至2月2日24时新型冠状病毒肺炎疫情最新情况,21,0
截至2月1日24时新型冠状病毒肺炎疫情最新情况,35,0
截至1月31日24时新型冠状病毒肺炎疫情最新情况,23,0
截至1月30日24时新型冠状病毒肺炎疫情最新情况,40,0
截至1月29日24时新型冠状病毒肺炎疫情最新情况,54,14
截至1月28日24时新型冠状病毒肺炎疫情最新情况,35,2
截至1月27日24时新型冠状病毒肺炎疫情最新情况,38,11
截至1月26日24时新型冠状病毒肺炎疫情最新情况,24,15
截至1月25日24时新型冠状病毒肺炎疫情最新情况,24,20
截至1月24日24时新型冠状病毒肺炎疫情最新情况,18,18
截至1月23日24时新型冠状病毒肺炎疫情最新情况,18,5
截至1月22日24时新型冠状病毒肺炎疫情最新情况,19,7
截至1月21日24时新型冠状病毒肺炎疫情最新情况,23,0
截至1月20日24时新型冠状病毒肺炎疫情最新情况,23,0
截至1月19日24时新型冠状病毒肺炎疫情最新情况,43,0
截至1月18日24时新型冠状病毒肺炎疫情最新情况,55,2
截至1月17日24时新型冠状病毒肺炎疫情最新情况,127,0
截至1月16日24时新型冠状病毒肺炎疫情最新情况,163,0
截至1月15日24时新型冠状病毒肺炎疫情最新情况,65,5
截至1月14日24时新型冠状病毒肺炎疫情最新情况,104,0
截至1月13日24时新型冠状病毒肺炎疫情最新情况,143,3
截至1月12日24时新型冠状病毒肺炎疫情最新情况,124,4
截至1月11日24时新型冠状病毒肺炎疫情最新情况,166,1
截至1月10日24时新型冠状病毒肺炎疫情最新情况,110,0
截至1月9日24时新型冠状病毒肺炎疫情最新情况,97,0
截至1月8日24时新型冠状病毒肺炎疫情最新情况,92,0
截至1月7日24时新型冠状病毒肺炎疫情最新情况,95,6
截至1月6日24时新型冠状病毒肺炎疫情最新情况,116,0
截至1月5日24时新型冠状病毒肺炎疫情最新情况,132,10
截至1月4日24时新型冠状病毒肺炎疫情最新情况,41,22
截至1月3日24时新型冠状病毒肺炎疫情最新情况,108,21
截至1月2日24时新型冠状病毒肺炎疫情最新情况,101,4
截至1月1日24时新型冠状病毒肺炎疫情最新情况,131,0
