{
    "cityStatis": {
        "confirm": 362,
        "zeroNowConfirm": 153,
        "notZeroNowConfirm": 221
    },
    "chinaDayList": [
        {
            "confirm": 4988264,
            "suspect": 0,
            "dead": 23224,
            "heal": 302326,
            "nowConfirm": 4662714,
            "nowSevere": 20,
            "importedCase": 20360,
            "deadRate": "0.5",
            "healRate": "6.1",
            "date": "07.23",
            "y": "2022",
            "noInfect": 6288,
            "localConfirm": 1228,
            "noInfectH5": 5823,
            "localConfirmH5": 1228,
            "local_acc_confirm": 228648
        },
        {
            "confirm": 5010666,
            "suspect": 0,
            "dead": 23297,
            "heal": 302608,
            "nowConfirm": 4684761,
            "nowSevere": 24,
            "importedCase": 20409,
            "deadRate": "0.5",
            "healRate": "6.0",
            "date": "07.24",
            "y": "2022",
            "noInfect": 6473,
            "localConfirm": 1252,
            "noInfectH5": 5979,
            "localConfirmH5": 1252,
            "local_acc_confirm": 228798
        },
        {
            "confirm": 5028631,
            "suspect": 0,
            "dead": 23353,
            "heal": 302893,
            "nowConfirm": 4702385,
            "nowSevere": 22,
            "importedCase": 20459,
            "deadRate": "0.5",
            "healRate": "6.0",
            "date": "07.25",
            "y": "2022",
            "noInfect": 6972,
            "localConfirm": 1274,
            "noInfectH5": 6474,
            "localConfirmH5": 1274,
            "local_acc_confirm": 228946
        },
        {
            "confirm": 5054540,
            "suspect": 1,
            "dead": 23396,
            "heal": 303200,
            "nowConfirm": 4727944,
            "nowSevere": 23,
            "importedCase": 20500,
            "deadRate": "0.5",
            "healRate": "6.0",
            "date": "07.26",
            "y": "2022",
            "noInfect": 7197,
            "localConfirm": 1260,
            "noInfectH5": 6675,
            "localConfirmH5": 1260,
            "local_acc_confirm": 229066
        },
        {
            "confirm": 5081141,
            "suspect": 2,
            "dead": 23434,
            "heal": 303555,
            "nowConfirm": 4754152,
            "nowSevere": 25,
            "importedCase": 20533,
            "deadRate": "0.5",
            "healRate": "6.0",
            "date": "07.27",
            "y": "2022",
            "noInfect": 7167,
            "localConfirm": 1274,
            "noInfectH5": 6621,
            "localConfirmH5": 1274,
            "local_acc_confirm": 229185
        },
        {
            "confirm": 5106026,
            "suspect": 1,
            "dead": 23501,
            "heal": 303917,
            "nowConfirm": 4778608,
            "nowSevere": 25,
            "importedCase": 20582,
            "deadRate": "0.5",
            "healRate": "6.0",
            "date": "07.28",
            "y": "2022",
            "noInfect": 7200,
            "localConfirm": 1224,
            "noInfectH5": 6643,
            "localConfirmH5": 1224,
            "local_acc_confirm": 229294
        },
        {
            "confirm": 5130275,
            "suspect": 1,
            "dead": 23563,
            "heal": 304208,
            "nowConfirm": 4802504,
            "nowSevere": 11,
            "importedCase": 20633,
            "deadRate": "0.5",
            "healRate": "5.9",
            "date": "07.29",
            "y": "2022",
            "noInfect": 7136,
            "localConfirm": 1214,
            "noInfectH5": 6555,
            "localConfirmH5": 1214,
            "local_acc_confirm": 229394
        },
        {
            "confirm": 5152593,
            "suspect": 0,
            "dead": 23627,
            "heal": 304534,
            "nowConfirm": 4824432,
            "nowSevere": 5,
            "importedCase": 20675,
            "deadRate": "0.5",
            "healRate": "5.9",
            "date": "07.30",
            "y": "2022",
            "noInfect": 7128,
            "localConfirm": 1194,
            "noInfectH5": 6545,
            "localConfirmH5": 1194,
            "local_acc_confirm": 229510
        },
        {
            "confirm": 5174467,
            "suspect": 0,
            "dead": 23662,
            "heal": 304863,
            "nowConfirm": 4845942,
            "nowSevere": 4,
            "importedCase": 20726,
            "deadRate": "0.5",
            "healRate": "5.9",
            "date": "07.31",
            "y": "2022",
            "noInfect": 6875,
            "localConfirm": 1148,
            "noInfectH5": 6286,
            "localConfirmH5": 1148,
            "local_acc_confirm": 229594
        },
        {
            "confirm": 5191827,
            "suspect": 0,
            "dead": 23704,
            "heal": 305210,
            "nowConfirm": 4862913,
            "nowSevere": 2,
            "importedCase": 20787,
            "deadRate": "0.5",
            "healRate": "5.9",
            "date": "08.01",
            "y": "2022",
            "noInfect": 6572,
            "localConfirm": 1053,
            "noInfectH5": 5985,
            "localConfirmH5": 1053,
            "local_acc_confirm": 229701
        },
        {
            "confirm": 5216119,
            "suspect": 0,
            "dead": 23746,
            "heal": 305513,
            "nowConfirm": 4886860,
            "nowSevere": 1,
            "importedCase": 20850,
            "deadRate": "0.5",
            "healRate": "5.9",
            "date": "08.02",
            "y": "2022",
            "noInfect": 6219,
            "localConfirm": 994,
            "noInfectH5": 5615,
            "localConfirmH5": 994,
            "local_acc_confirm": 229802
        },
        {
            "confirm": 5240799,
            "suspect": 0,
            "dead": 23782,
            "heal": 305846,
            "nowConfirm": 4911171,
            "nowSevere": 2,
            "importedCase": 20908,
            "deadRate": "0.5",
            "healRate": "5.8",
            "date": "08.03",
            "y": "2022",
            "noInfect": 5903,
            "localConfirm": 960,
            "noInfectH5": 5268,
            "localConfirmH5": 960,
            "local_acc_confirm": 229913
        },
        {
            "confirm": 5264782,
            "suspect": 0,
            "dead": 23841,
            "heal": 306204,
            "nowConfirm": 4934737,
            "nowSevere": 1,
            "importedCase": 20968,
            "deadRate": "0.5",
            "healRate": "5.8",
            "date": "08.04",
            "y": "2022",
            "noInfect": 5604,
            "localConfirm": 1012,
            "noInfectH5": 4972,
            "localConfirmH5": 1012,
            "local_acc_confirm": 230135
        },
        {
            "confirm": 5287626,
            "suspect": 0,
            "dead": 23899,
            "heal": 306635,
            "nowConfirm": 4957092,
            "nowSevere": 1,
            "importedCase": 21019,
            "deadRate": "0.5",
            "healRate": "5.8",
            "date": "08.05",
            "y": "2022",
            "noInfect": 5238,
            "localConfirm": 1173,
            "noInfectH5": 4591,
            "localConfirmH5": 1173,
            "local_acc_confirm": 230496
        },
        {
            "confirm": 5308583,
            "suspect": 0,
            "dead": 23954,
            "heal": 307017,
            "nowConfirm": 4977612,
            "nowSevere": 2,
            "importedCase": 21072,
            "deadRate": "0.5",
            "healRate": "5.8",
            "date": "08.06",
            "y": "2022",
            "noInfect": 5041,
            "localConfirm": 1412,
            "noInfectH5": 4396,
            "localConfirmH5": 1412,
            "local_acc_confirm": 230886
        },
        {
            "confirm": 5331691,
            "suspect": 0,
            "dead": 24001,
            "heal": 307307,
            "nowConfirm": 5000383,
            "nowSevere": 2,
            "importedCase": 21128,
            "deadRate": "0.5",
            "healRate": "5.8",
            "date": "08.07",
            "y": "2022",
            "noInfect": 5067,
            "localConfirm": 1662,
            "noInfectH5": 4413,
            "localConfirmH5": 1662,
            "local_acc_confirm": 231266
        },
        {
            "confirm": 5348157,
            "suspect": 0,
            "dead": 24034,
            "heal": 307542,
            "nowConfirm": 5016581,
            "nowSevere": 3,
            "importedCase": 21177,
            "deadRate": "0.4",
            "healRate": "5.8",
            "date": "08.08",
            "y": "2022",
            "noInfect": 5122,
            "localConfirm": 1965,
            "noInfectH5": 4468,
            "localConfirmH5": 1965,
            "local_acc_confirm": 231665
        },
        {
            "confirm": 5372961,
            "suspect": 0,
            "dead": 24055,
            "heal": 307818,
            "nowConfirm": 5041088,
            "nowSevere": 2,
            "importedCase": 21241,
            "deadRate": "0.4",
            "healRate": "5.7",
            "date": "08.09",
            "y": "2022",
            "noInfect": 5440,
            "localConfirm": 2289,
            "noInfectH5": 4763,
            "localConfirmH5": 2289,
            "local_acc_confirm": 232109
        },
        {
            "confirm": 5398259,
            "suspect": 0,
            "dead": 24084,
            "heal": 308189,
            "nowConfirm": 5065986,
            "nowSevere": 7,
            "importedCase": 21327,
            "deadRate": "0.4",
            "healRate": "5.7",
            "date": "08.10",
            "y": "2022",
            "noInfect": 6263,
            "localConfirm": 2838,
            "noInfectH5": 5571,
            "localConfirmH5": 2838,
            "local_acc_confirm": 232809
        },
        {
            "confirm": 5422523,
            "suspect": 0,
            "dead": 24129,
            "heal": 308504,
            "nowConfirm": 5089890,
            "nowSevere": 7,
            "importedCase": 21383,
            "deadRate": "0.4",
            "healRate": "5.7",
            "date": "08.11",
            "y": "2022",
            "noInfect": 7088,
            "localConfirm": 3426,
            "noInfectH5": 6374,
            "localConfirmH5": 3426,
            "local_acc_confirm": 233513
        },
        {
            "confirm": 5445908,
            "suspect": 0,
            "dead": 24164,
            "heal": 308802,
            "nowConfirm": 5112942,
            "nowSevere": 8,
            "importedCase": 21441,
            "deadRate": "0.4",
            "healRate": "5.7",
            "date": "08.12",
            "y": "2022",
            "noInfect": 8064,
            "localConfirm": 4020,
            "noInfectH5": 7355,
            "localConfirmH5": 4020,
            "local_acc_confirm": 234217
        },
        {
            "confirm": 5468619,
            "suspect": 0,
            "dead": 24207,
            "heal": 309118,
            "nowConfirm": 5135294,
            "nowSevere": 8,
            "importedCase": 21502,
            "deadRate": "0.4",
            "healRate": "5.7",
            "date": "08.13",
            "y": "2022",
            "noInfect": 9719,
            "localConfirm": 4580,
            "noInfectH5": 9003,
            "localConfirmH5": 4580,
            "local_acc_confirm": 234901
        },
        {
            "confirm": 5491267,
            "suspect": 1,
            "dead": 24232,
            "heal": 309399,
            "nowConfirm": 5157636,
            "nowSevere": 12,
            "importedCase": 21580,
            "deadRate": "0.4",
            "healRate": "5.6",
            "date": "08.14",
            "y": "2022",
            "noInfect": 10999,
            "localConfirm": 5196,
            "noInfectH5": 10303,
            "localConfirmH5": 5196,
            "local_acc_confirm": 235670
        },
        {
            "confirm": 5508415,
            "suspect": 0,
            "dead": 24258,
            "heal": 309656,
            "nowConfirm": 5174501,
            "nowSevere": 16,
            "importedCase": 21641,
            "deadRate": "0.4",
            "healRate": "5.6",
            "date": "08.15",
            "y": "2022",
            "noInfect": 12599,
            "localConfirm": 6347,
            "noInfectH5": 11867,
            "localConfirmH5": 6347,
            "local_acc_confirm": 236261
        },
        {
            "confirm": 5532984,
            "suspect": 0,
            "dead": 24285,
            "heal": 309994,
            "nowConfirm": 5198705,
            "nowSevere": 18,
            "importedCase": 21712,
            "deadRate": "0.4",
            "healRate": "5.6",
            "date": "08.16",
            "y": "2022",
            "noInfect": 14626,
            "localConfirm": 6140,
            "noInfectH5": 13876,
            "localConfirmH5": 6140,
            "local_acc_confirm": 236898
        },
        {
            "confirm": 5559514,
            "suspect": 0,
            "dead": 24322,
            "heal": 310339,
            "nowConfirm": 5224853,
            "nowSevere": 22,
            "importedCase": 21780,
            "deadRate": "0.4",
            "healRate": "5.6",
            "date": "08.17",
            "y": "2022",
            "noInfect": 17175,
            "localConfirm": 6696,
            "noInfectH5": 16430,
            "localConfirmH5": 6696,
            "local_acc_confirm": 237580
        },
        {
            "confirm": 5584597,
            "suspect": 0,
            "dead": 24361,
            "heal": 310868,
            "nowConfirm": 5249368,
            "nowSevere": 24,
            "importedCase": 21824,
            "deadRate": "0.4",
            "healRate": "5.6",
            "date": "08.18",
            "y": "2022",
            "noInfect": 18884,
            "localConfirm": 7061,
            "noInfectH5": 18156,
            "localConfirmH5": 7061,
            "local_acc_confirm": 238183
        },
        {
            "confirm": 5608685,
            "suspect": 1,
            "dead": 24401,
            "heal": 311294,
            "nowConfirm": 5273629,
            "nowSevere": 28,
            "importedCase": 21885,
            "deadRate": "0.4",
            "healRate": "5.6",
            "date": "08.19",
            "y": "2022",
            "noInfect": 20053,
            "localConfirm": 7550,
            "noInfectH5": 19300,
            "localConfirmH5": 7550,
            "local_acc_confirm": 238822
        },
        {
            "confirm": 5633111,
            "suspect": 0,
            "dead": 24442,
            "heal": 311960,
            "nowConfirm": 5296709,
            "nowSevere": 32,
            "importedCase": 21934,
            "deadRate": "0.4",
            "healRate": "5.5",
            "date": "08.20",
            "y": "2022",
            "noInfect": 20801,
            "localConfirm": 7749,
            "noInfectH5": 20038,
            "localConfirmH5": 7749,
            "local_acc_confirm": 239424
        },
        {
            "confirm": 5656972,
            "suspect": 0,
            "dead": 24471,
            "heal": 312483,
            "nowConfirm": 5320018,
            "nowSevere": 39,
            "importedCase": 22001,
            "deadRate": "0.4",
            "healRate": "5.5",
            "date": "08.21",
            "y": "2022",
            "noInfect": 21563,
            "localConfirm": 7884,
            "noInfectH5": 20791,
            "localConfirmH5": 7884,
            "local_acc_confirm": 239851
        },
        {
            "confirm": 5675269,
            "suspect": 0,
            "dead": 24499,
            "heal": 313252,
            "nowConfirm": 5337518,
            "nowSevere": 35,
            "importedCase": 22075,
            "deadRate": "0.4",
            "healRate": "5.5",
            "date": "08.22",
            "y": "2022",
            "noInfect": 22161,
            "localConfirm": 7679,
            "noInfectH5": 21414,
            "localConfirmH5": 7679,
            "local_acc_confirm": 240233
        },
        {
            "confirm": 5703179,
            "suspect": 0,
            "dead": 24525,
            "heal": 314237,
            "nowConfirm": 5364417,
            "nowSevere": 43,
            "importedCase": 22108,
            "deadRate": "0.4",
            "healRate": "5.5",
            "date": "08.23",
            "y": "2022",
            "noInfect": 22146,
            "localConfirm": 7426,
            "noInfectH5": 21435,
            "localConfirmH5": 7426,
            "local_acc_confirm": 240646
        },
        {
            "confirm": 5703179,
            "suspect": 0,
            "dead": 24525,
            "heal": 314237,
            "nowConfirm": 5364417,
            "nowSevere": 43,
            "importedCase": 22108,
            "deadRate": "0.4",
            "healRate": "5.5",
            "date": "08.24",
            "y": "2022",
            "noInfect": 22146,
            "localConfirm": 7426,
            "noInfectH5": 21435,
            "localConfirmH5": 7426,
            "local_acc_confirm": 240646
        },
        {
            "confirm": 5733500,
            "suspect": 0,
            "dead": 24557,
            "heal": 315248,
            "nowConfirm": 5393695,
            "nowSevere": 40,
            "importedCase": 22153,
            "deadRate": "0.4",
            "healRate": "5.5",
            "date": "08.25",
            "y": "2022",
            "noInfect": 22172,
            "localConfirm": 7132,
            "noInfectH5": 21470,
            "localConfirmH5": 7132,
            "local_acc_confirm": 241036
        },
        {
            "confirm": 5762559,
            "suspect": 0,
            "dead": 24603,
            "heal": 315973,
            "nowConfirm": 5421983,
            "nowSevere": 35,
            "importedCase": 22203,
            "deadRate": "0.4",
            "healRate": "5.5",
            "date": "08.26",
            "y": "2022",
            "noInfect": 22447,
            "localConfirm": 7063,
            "noInfectH5": 21752,
            "localConfirmH5": 7063,
            "local_acc_confirm": 241348
        },
        {
            "confirm": 5790726,
            "suspect": 0,
            "dead": 24655,
            "heal": 316919,
            "nowConfirm": 5449152,
            "nowSevere": 34,
            "importedCase": 22253,
            "deadRate": "0.4",
            "healRate": "5.5",
            "date": "08.27",
            "y": "2022",
            "noInfect": 22330,
            "localConfirm": 6660,
            "noInfectH5": 21618,
            "localConfirmH5": 6660,
            "local_acc_confirm": 241648
        },
        {
            "confirm": 5817871,
            "suspect": 0,
            "dead": 24699,
            "heal": 317857,
            "nowConfirm": 5475315,
            "nowSevere": 31,
            "importedCase": 22301,
            "deadRate": "0.4",
            "healRate": "5.5",
            "date": "08.28",
            "y": "2022",
            "noInfect": 22052,
            "localConfirm": 6364,
            "noInfectH5": 21301,
            "localConfirmH5": 6364,
            "local_acc_confirm": 241955
        },
        {
            "confirm": 5846327,
            "suspect": 0,
            "dead": 24740,
            "heal": 318791,
            "nowConfirm": 5502796,
            "nowSevere": 33,
            "importedCase": 22352,
            "deadRate": "0.4",
            "healRate": "5.5",
            "date": "08.29",
            "y": "2022",
            "noInfect": 22062,
            "localConfirm": 6648,
            "noInfectH5": 21326,
            "localConfirmH5": 6648,
            "local_acc_confirm": 242307
        },
        {
            "confirm": 5868458,
            "suspect": 0,
            "dead": 24766,
            "heal": 319580,
            "nowConfirm": 5524112,
            "nowSevere": 29,
            "importedCase": 22385,
            "deadRate": "0.4",
            "healRate": "5.4",
            "date": "08.30",
            "y": "2022",
            "noInfect": 22465,
            "localConfirm": 5973,
            "noInfectH5": 21729,
            "localConfirmH5": 5973,
            "local_acc_confirm": 242689
        },
        {
            "confirm": 5901615,
            "suspect": 1,
            "dead": 24806,
            "heal": 320465,
            "nowConfirm": 5556344,
            "nowSevere": 31,
            "importedCase": 22428,
            "deadRate": "0.4",
            "healRate": "5.4",
            "date": "08.31",
            "y": "2022",
            "noInfect": 22787,
            "localConfirm": 5834,
            "noInfectH5": 22052,
            "localConfirmH5": 5834,
            "local_acc_confirm": 243081
        },
        {
            "confirm": 5938060,
            "suspect": 0,
            "dead": 24836,
            "heal": 321216,
            "nowConfirm": 5592008,
            "nowSevere": 34,
            "importedCase": 22489,
            "deadRate": "0.4",
            "healRate": "5.4",
            "date": "09.01",
            "y": "2022",
            "noInfect": 23663,
            "localConfirm": 5779,
            "noInfectH5": 22906,
            "localConfirmH5": 5779,
            "local_acc_confirm": 243449
        },
        {
            "confirm": 5974028,
            "suspect": 0,
            "dead": 24883,
            "heal": 322031,
            "nowConfirm": 5627114,
            "nowSevere": 31,
            "importedCase": 22544,
            "deadRate": "0.4",
            "healRate": "5.4",
            "date": "09.02",
            "y": "2022",
            "noInfect": 24226,
            "localConfirm": 5658,
            "noInfectH5": 23471,
            "localConfirmH5": 5658,
            "local_acc_confirm": 243822
        },
        {
            "confirm": 6009747,
            "suspect": 0,
            "dead": 24927,
            "heal": 322732,
            "nowConfirm": 5662088,
            "nowSevere": 28,
            "importedCase": 22606,
            "deadRate": "0.4",
            "healRate": "5.4",
            "date": "09.03",
            "y": "2022",
            "noInfect": 24029,
            "localConfirm": 5756,
            "noInfectH5": 23260,
            "localConfirmH5": 5756,
            "local_acc_confirm": 244324
        },
        {
            "confirm": 6044288,
            "suspect": 0,
            "dead": 24976,
            "heal": 323583,
            "nowConfirm": 5695729,
            "nowSevere": 29,
            "importedCase": 22676,
            "deadRate": "0.4",
            "healRate": "5.4",
            "date": "09.04",
            "y": "2022",
            "noInfect": 24079,
            "localConfirm": 5636,
            "noInfectH5": 23287,
            "localConfirmH5": 5636,
            "local_acc_confirm": 244708
        },
        {
            "confirm": 6080405,
            "suspect": 0,
            "dead": 25019,
            "heal": 324229,
            "nowConfirm": 5731157,
            "nowSevere": 32,
            "importedCase": 22722,
            "deadRate": "0.4",
            "healRate": "5.3",
            "date": "09.05",
            "y": "2022",
            "noInfect": 24250,
            "localConfirm": 5668,
            "noInfectH5": 23491,
            "localConfirmH5": 5668,
            "local_acc_confirm": 245057
        },
        {
            "confirm": 6106096,
            "suspect": 0,
            "dead": 25058,
            "heal": 324804,
            "nowConfirm": 5756234,
            "nowSevere": 34,
            "importedCase": 22768,
            "deadRate": "0.4",
            "healRate": "5.3",
            "date": "09.06",
            "y": "2022",
            "noInfect": 24593,
            "localConfirm": 5670,
            "noInfectH5": 23860,
            "localConfirmH5": 5670,
            "local_acc_confirm": 245367
        },
        {
            "confirm": 6144277,
            "suspect": 0,
            "dead": 25088,
            "heal": 325510,
            "nowConfirm": 5793679,
            "nowSevere": 39,
            "importedCase": 22825,
            "deadRate": "0.4",
            "healRate": "5.3",
            "date": "09.07",
            "y": "2022",
            "noInfect": 24868,
            "localConfirm": 5709,
            "noInfectH5": 224163,
            "localConfirmH5": 5709,
            "local_acc_confirm": 245367
        },
        {
            "confirm": 6187141,
            "suspect": 0,
            "dead": 25130,
            "heal": 326225,
            "nowConfirm": 5835786,
            "nowSevere": 38,
            "importedCase": 22864,
            "deadRate": "0.4",
            "healRate": "5.3",
            "date": "09.08",
            "y": "2022",
            "noInfect": 24698,
            "localConfirm": 5713,
            "noInfectH5": 24009,
            "localConfirmH5": 5713,
            "local_acc_confirm": 246027
        },
        {
            "confirm": 6223534,
            "suspect": 0,
            "dead": 25171,
            "heal": 326969,
            "nowConfirm": 5871695,
            "nowSevere": 28,
            "importedCase": 22906,
            "deadRate": "0.4",
            "healRate": "5.3",
            "date": "09.09",
            "y": "2022",
            "noInfect": 24048,
            "localConfirm": 5666,
            "noInfectH5": 23400,
            "localConfirmH5": 5666,
            "local_acc_confirm": 246328
        },
        {
            "confirm": 6259551,
            "suspect": 0,
            "dead": 25237,
            "heal": 327707,
            "nowConfirm": 5906607,
            "nowSevere": 26,
            "importedCase": 22957,
            "deadRate": "0.4",
            "healRate": "5.2",
            "date": "09.10",
            "y": "2022",
            "noInfect": 23313,
            "localConfirm": 5575,
            "noInfectH5": 22660,
            "localConfirmH5": 5575,
            "local_acc_confirm": 246618
        },
        {
            "confirm": 6296680,
            "suspect": 0,
            "dead": 25275,
            "heal": 328514,
            "nowConfirm": 5942891,
            "nowSevere": 24,
            "importedCase": 23012,
            "deadRate": "0.4",
            "healRate": "5.2",
            "date": "09.11",
            "y": "2022",
            "noInfect": 23264,
            "localConfirm": 5403,
            "noInfectH5": 22555,
            "localConfirmH5": 5403,
            "local_acc_confirm": 246852
        },
        {
            "confirm": 6330038,
            "suspect": 0,
            "dead": 25237,
            "heal": 329059,
            "nowConfirm": 5975742,
            "nowSevere": 25,
            "importedCase": 23074,
            "deadRate": "0.4",
            "healRate": "5.2",
            "date": "09.12",
            "y": "2022",
            "noInfect": 22622,
            "localConfirm": 5083,
            "noInfectH5": 21919,
            "localConfirmH5": 5083,
            "local_acc_confirm": 33358
        },
        {
            "confirm": 6356783,
            "suspect": 0,
            "dead": 25354,
            "heal": 330119,
            "nowConfirm": 6001310,
            "nowSevere": 0,
            "importedCase": 23128,
            "deadRate": "0.4",
            "healRate": "5.2",
            "date": "09.13",
            "y": "2022",
            "noInfect": 0,
            "localConfirm": 4851,
            "noInfectH5": 21298,
            "localConfirmH5": 4851,
            "local_acc_confirm": 247320
        },
        {
            "confirm": 6404975,
            "suspect": 0,
            "dead": 25381,
            "heal": 330683,
            "nowConfirm": 6048911,
            "nowSevere": 0,
            "importedCase": 23169,
            "deadRate": "0.4",
            "healRate": "5.2",
            "date": "09.14",
            "y": "2022",
            "noInfect": 0,
            "localConfirm": 4714,
            "noInfectH5": 20832,
            "localConfirmH5": 4714,
            "local_acc_confirm": 247557
        },
        {
            "confirm": 6455788,
            "suspect": 0,
            "dead": 25428,
            "heal": 331569,
            "nowConfirm": 6098791,
            "nowSevere": 0,
            "importedCase": 23210,
            "deadRate": "0.4",
            "healRate": "5.1",
            "date": "09.15",
            "y": "2022",
            "noInfect": 0,
            "localConfirm": 4334,
            "noInfectH5": 20206,
            "localConfirmH5": 4334,
            "local_acc_confirm": 247724
        },
        {
            "confirm": 6502479,
            "suspect": 0,
            "dead": 25491,
            "heal": 332770,
            "nowConfirm": 6144218,
            "nowSevere": 0,
            "importedCase": 23269,
            "deadRate": "0.4",
            "healRate": "5.1",
            "date": "09.16",
            "y": "2022",
            "noInfect": 0,
            "localConfirm": 3681,
            "noInfectH5": 19229,
            "localConfirmH5": 3681,
            "local_acc_confirm": 247885
        },
        {
            "confirm": 6545234,
            "suspect": 0,
            "dead": 25553,
            "heal": 333459,
            "nowConfirm": 6186222,
            "nowSevere": 0,
            "importedCase": 23333,
            "deadRate": "0.4",
            "healRate": "5.1",
            "date": "09.17",
            "y": "2022",
            "noInfect": 0,
            "localConfirm": 3502,
            "noInfectH5": 18148,
            "localConfirmH5": 3502,
            "local_acc_confirm": 248025
        },
        {
            "confirm": 6585920,
            "suspect": 0,
            "dead": 25609,
            "heal": 334196,
            "nowConfirm": 6226115,
            "nowSevere": 0,
            "importedCase": 23381,
            "deadRate": "0.4",
            "healRate": "5.1",
            "date": "09.18",
            "y": "2022",
            "noInfect": 0,
            "localConfirm": 3293,
            "noInfectH5": 17756,
            "localConfirmH5": 3293,
            "local_acc_confirm": 248179
        },
        {
            "confirm": 6626392,
            "suspect": 0,
            "dead": 25671,
            "heal": 334905,
            "nowConfirm": 6265816,
            "nowSevere": 0,
            "importedCase": 23436,
            "deadRate": "0.4",
            "healRate": "5.1",
            "date": "09.19",
            "y": "2022",
            "noInfect": 0,
            "localConfirm": 3070,
            "noInfectH5": 17213,
            "localConfirmH5": 3070,
            "local_acc_confirm": 248326
        },
        {
            "confirm": 6655661,
            "suspect": 0,
            "dead": 25730,
            "heal": 335458,
            "nowConfirm": 6294473,
            "nowSevere": 0,
            "importedCase": 23484,
            "deadRate": "0.4",
            "healRate": "5.0",
            "date": "09.20",
            "y": "2022",
            "noInfect": 0,
            "localConfirm": 2881,
            "noInfectH5": 16241,
            "localConfirmH5": 2881,
            "local_acc_confirm": 248478
        }
    ],
    "chinaDayAddList": [
        {
            "confirm": 23375,
            "suspect": 0,
            "dead": 60,
            "heal": 488,
            "importedCase": 42,
            "infect": 853,
            "localinfectionadd": 782,
            "localConfirmadd": 87,
            "deadRate": "0.3",
            "healRate": "2.1",
            "date": "07.23",
            "y": "2022"
        },
        {
            "confirm": 22402,
            "suspect": 0,
            "dead": 133,
            "heal": 647,
            "importedCase": 49,
            "infect": 650,
            "localinfectionadd": 579,
            "localConfirmadd": 101,
            "deadRate": "0.6",
            "healRate": "2.9",
            "date": "07.24",
            "y": "2022"
        },
        {
            "confirm": 17965,
            "suspect": 0,
            "dead": 189,
            "heal": 683,
            "importedCase": 50,
            "infect": 828,
            "localinfectionadd": 770,
            "localConfirmadd": 98,
            "deadRate": "1.1",
            "healRate": "3.8",
            "date": "07.25",
            "y": "2022"
        },
        {
            "confirm": 25909,
            "suspect": 1,
            "dead": 232,
            "heal": 990,
            "importedCase": 41,
            "infect": 583,
            "localinfectionadd": 525,
            "localConfirmadd": 79,
            "deadRate": "0.9",
            "healRate": "3.8",
            "date": "07.26",
            "y": "2022"
        },
        {
            "confirm": 26601,
            "suspect": 1,
            "dead": 270,
            "heal": 1215,
            "importedCase": 33,
            "infect": 507,
            "localinfectionadd": 435,
            "localConfirmadd": 86,
            "deadRate": "1.0",
            "healRate": "4.6",
            "date": "07.27",
            "y": "2022"
        },
        {
            "confirm": 24885,
            "suspect": 0,
            "dead": 337,
            "heal": 1458,
            "importedCase": 49,
            "infect": 455,
            "localinfectionadd": 390,
            "localConfirmadd": 60,
            "deadRate": "1.4",
            "healRate": "5.9",
            "date": "07.28",
            "y": "2022"
        },
        {
            "confirm": 24249,
            "suspect": 1,
            "dead": 62,
            "heal": 291,
            "importedCase": 51,
            "infect": 348,
            "localinfectionadd": 271,
            "localConfirmadd": 49,
            "deadRate": "0.3",
            "healRate": "1.2",
            "date": "07.29",
            "y": "2022"
        },
        {
            "confirm": 22318,
            "suspect": 0,
            "dead": 126,
            "heal": 518,
            "importedCase": 42,
            "infect": 425,
            "localinfectionadd": 360,
            "localConfirmadd": 74,
            "deadRate": "0.6",
            "healRate": "2.3",
            "date": "07.30",
            "y": "2022"
        },
        {
            "confirm": 21874,
            "suspect": 0,
            "dead": 35,
            "heal": 329,
            "importedCase": 51,
            "infect": 309,
            "localinfectionadd": 244,
            "localConfirmadd": 33,
            "deadRate": "0.2",
            "healRate": "1.5",
            "date": "07.31",
            "y": "2022"
        },
        {
            "confirm": 17360,
            "suspect": 0,
            "dead": 42,
            "heal": 347,
            "importedCase": 61,
            "infect": 391,
            "localinfectionadd": 327,
            "localConfirmadd": 46,
            "deadRate": "0.2",
            "healRate": "2.0",
            "date": "08.01",
            "y": "2022"
        },
        {
            "confirm": 24292,
            "suspect": 0,
            "dead": 42,
            "heal": 303,
            "importedCase": 63,
            "infect": 335,
            "localinfectionadd": 251,
            "localConfirmadd": 38,
            "deadRate": "0.2",
            "healRate": "1.2",
            "date": "08.02",
            "y": "2022"
        },
        {
            "confirm": 24680,
            "suspect": 0,
            "dead": 36,
            "heal": 333,
            "importedCase": 58,
            "infect": 335,
            "localinfectionadd": 241,
            "localConfirmadd": 53,
            "deadRate": "0.1",
            "healRate": "1.3",
            "date": "08.03",
            "y": "2022"
        },
        {
            "confirm": 23983,
            "suspect": 0,
            "dead": 59,
            "heal": 358,
            "importedCase": 60,
            "infect": 317,
            "localinfectionadd": 248,
            "localConfirmadd": 162,
            "deadRate": "0.2",
            "healRate": "1.5",
            "date": "08.04",
            "y": "2022"
        },
        {
            "confirm": 22844,
            "suspect": 0,
            "dead": 58,
            "heal": 431,
            "importedCase": 51,
            "infect": 343,
            "localinfectionadd": 275,
            "localConfirmadd": 310,
            "deadRate": "0.3",
            "healRate": "1.9",
            "date": "08.05",
            "y": "2022"
        },
        {
            "confirm": 20957,
            "suspect": 0,
            "dead": 55,
            "heal": 382,
            "importedCase": 53,
            "infect": 478,
            "localinfectionadd": 399,
            "localConfirmadd": 337,
            "deadRate": "0.3",
            "healRate": "1.8",
            "date": "08.06",
            "y": "2022"
        },
        {
            "confirm": 23108,
            "suspect": 0,
            "dead": 102,
            "heal": 519,
            "importedCase": 56,
            "infect": 560,
            "localinfectionadd": 483,
            "localConfirmadd": 324,
            "deadRate": "0.4",
            "healRate": "2.2",
            "date": "08.07",
            "y": "2022"
        },
        {
            "confirm": 16466,
            "suspect": 0,
            "dead": 135,
            "heal": 635,
            "importedCase": 49,
            "infect": 540,
            "localinfectionadd": 478,
            "localConfirmadd": 350,
            "deadRate": "0.8",
            "healRate": "3.9",
            "date": "08.08",
            "y": "2022"
        },
        {
            "confirm": 24804,
            "suspect": 0,
            "dead": 156,
            "heal": 803,
            "importedCase": 64,
            "infect": 650,
            "localinfectionadd": 572,
            "localConfirmadd": 380,
            "deadRate": "0.6",
            "healRate": "3.2",
            "date": "08.09",
            "y": "2022"
        },
        {
            "confirm": 25298,
            "suspect": 0,
            "dead": 185,
            "heal": 1065,
            "importedCase": 86,
            "infect": 1466,
            "localinfectionadd": 1379,
            "localConfirmadd": 614,
            "deadRate": "0.7",
            "healRate": "4.2",
            "date": "08.10",
            "y": "2022"
        },
        {
            "confirm": 24264,
            "suspect": 0,
            "dead": 230,
            "heal": 1255,
            "importedCase": 56,
            "infect": 1305,
            "localinfectionadd": 1203,
            "localConfirmadd": 648,
            "deadRate": "0.9",
            "healRate": "5.2",
            "date": "08.11",
            "y": "2022"
        },
        {
            "confirm": 23385,
            "suspect": 0,
            "dead": 35,
            "heal": 298,
            "importedCase": 58,
            "infect": 1440,
            "localinfectionadd": 1359,
            "localConfirmadd": 646,
            "deadRate": "0.1",
            "healRate": "1.3",
            "date": "08.12",
            "y": "2022"
        },
        {
            "confirm": 22711,
            "suspect": 0,
            "dead": 43,
            "heal": 316,
            "importedCase": 61,
            "infect": 1920,
            "localinfectionadd": 1844,
            "localConfirmadd": 623,
            "deadRate": "0.2",
            "healRate": "1.4",
            "date": "08.13",
            "y": "2022"
        },
        {
            "confirm": 22649,
            "suspect": 1,
            "dead": 25,
            "heal": 287,
            "importedCase": 78,
            "infect": 1708,
            "localinfectionadd": 1620,
            "localConfirmadd": 692,
            "deadRate": "0.1",
            "healRate": "1.3",
            "date": "08.14",
            "y": "2022"
        },
        {
            "confirm": 17148,
            "suspect": 0,
            "dead": 26,
            "heal": 257,
            "importedCase": 61,
            "infect": 1935,
            "localinfectionadd": 1838,
            "localConfirmadd": 530,
            "deadRate": "0.2",
            "healRate": "1.5",
            "date": "08.15",
            "y": "2022"
        },
        {
            "confirm": 24569,
            "suspect": 0,
            "dead": 27,
            "heal": 338,
            "importedCase": 71,
            "infect": 2399,
            "localinfectionadd": 2322,
            "localConfirmadd": 566,
            "deadRate": "0.1",
            "healRate": "1.4",
            "date": "08.16",
            "y": "2022"
        },
        {
            "confirm": 26530,
            "suspect": 0,
            "dead": 37,
            "heal": 345,
            "importedCase": 68,
            "infect": 2888,
            "localinfectionadd": 2810,
            "localConfirmadd": 614,
            "deadRate": "0.1",
            "healRate": "1.3",
            "date": "08.17",
            "y": "2022"
        },
        {
            "confirm": 25083,
            "suspect": 0,
            "dead": 39,
            "heal": 529,
            "importedCase": 44,
            "infect": 2201,
            "localinfectionadd": 2119,
            "localConfirmadd": 559,
            "deadRate": "0.2",
            "healRate": "2.1",
            "date": "08.18",
            "y": "2022"
        },
        {
            "confirm": 24727,
            "suspect": 0,
            "dead": 40,
            "heal": 426,
            "importedCase": 61,
            "infect": 1715,
            "localinfectionadd": 1591,
            "localConfirmadd": 578,
            "deadRate": "0.2",
            "healRate": "1.7",
            "date": "08.19",
            "y": "2022"
        },
        {
            "confirm": 23787,
            "suspect": 0,
            "dead": 41,
            "heal": 666,
            "importedCase": 49,
            "infect": 1708,
            "localinfectionadd": 1628,
            "localConfirmadd": 553,
            "deadRate": "0.2",
            "healRate": "2.8",
            "date": "08.20",
            "y": "2022"
        },
        {
            "confirm": 23861,
            "suspect": 0,
            "dead": 70,
            "heal": 801,
            "importedCase": 67,
            "infect": 1558,
            "localinfectionadd": 1464,
            "localConfirmadd": 360,
            "deadRate": "0.3",
            "healRate": "3.4",
            "date": "08.21",
            "y": "2022"
        },
        {
            "confirm": 18297,
            "suspect": 0,
            "dead": 98,
            "heal": 1269,
            "importedCase": 74,
            "infect": 1513,
            "localinfectionadd": 1440,
            "localConfirmadd": 308,
            "deadRate": "0.5",
            "healRate": "6.9",
            "date": "08.22",
            "y": "2022"
        },
        {
            "confirm": 27910,
            "suspect": 0,
            "dead": 124,
            "heal": 1680,
            "importedCase": 33,
            "infect": 1331,
            "localinfectionadd": 1261,
            "localConfirmadd": 380,
            "deadRate": "0.4",
            "healRate": "6.0",
            "date": "08.23",
            "y": "2022"
        },
        {
            "confirm": 30321,
            "suspect": 0,
            "dead": 32,
            "heal": 1011,
            "importedCase": 45,
            "infect": 1369,
            "localinfectionadd": 1289,
            "localConfirmadd": 345,
            "deadRate": "0.1",
            "healRate": "3.3",
            "date": "08.24",
            "y": "2022"
        },
        {
            "confirm": 30321,
            "suspect": 0,
            "dead": 32,
            "heal": 1011,
            "importedCase": 45,
            "infect": 1369,
            "localinfectionadd": 1289,
            "localConfirmadd": 345,
            "deadRate": "0.1",
            "healRate": "3.3",
            "date": "08.25",
            "y": "2022"
        },
        {
            "confirm": 29059,
            "suspect": 0,
            "dead": 46,
            "heal": 725,
            "importedCase": 50,
            "infect": 1316,
            "localinfectionadd": 1239,
            "localConfirmadd": 262,
            "deadRate": "0.2",
            "healRate": "2.5",
            "date": "08.26",
            "y": "2022"
        },
        {
            "confirm": 28167,
            "suspect": 0,
            "dead": 52,
            "heal": 946,
            "importedCase": 50,
            "infect": 1194,
            "localinfectionadd": 1106,
            "localConfirmadd": 250,
            "deadRate": "0.2",
            "healRate": "3.4",
            "date": "08.27",
            "y": "2022"
        },
        {
            "confirm": 27145,
            "suspect": 0,
            "dead": 44,
            "heal": 938,
            "importedCase": 48,
            "infect": 1137,
            "localinfectionadd": 1035,
            "localConfirmadd": 259,
            "deadRate": "0.2",
            "healRate": "3.5",
            "date": "08.28",
            "y": "2022"
        },
        {
            "confirm": 28456,
            "suspect": 0,
            "dead": 41,
            "heal": 934,
            "importedCase": 51,
            "infect": 1344,
            "localinfectionadd": 1255,
            "localConfirmadd": 301,
            "deadRate": "0.1",
            "healRate": "3.3",
            "date": "08.29",
            "y": "2022"
        },
        {
            "confirm": 22131,
            "suspect": 0,
            "dead": 26,
            "heal": 789,
            "importedCase": 33,
            "infect": 1447,
            "localinfectionadd": 1368,
            "localConfirmadd": 349,
            "deadRate": "0.1",
            "healRate": "3.6",
            "date": "08.30",
            "y": "2022"
        },
        {
            "confirm": 33157,
            "suspect": 1,
            "dead": 40,
            "heal": 885,
            "importedCase": 43,
            "infect": 1426,
            "localinfectionadd": 1326,
            "localConfirmadd": 349,
            "deadRate": "0.1",
            "healRate": "2.7",
            "date": "08.31",
            "y": "2022"
        },
        {
            "confirm": 36445,
            "suspect": 0,
            "dead": 30,
            "heal": 751,
            "importedCase": 61,
            "infect": 1689,
            "localinfectionadd": 1596,
            "localConfirmadd": 307,
            "deadRate": "0.1",
            "healRate": "2.1",
            "date": "09.01",
            "y": "2022"
        },
        {
            "confirm": 35968,
            "suspect": 0,
            "dead": 47,
            "heal": 815,
            "importedCase": 55,
            "infect": 1665,
            "localinfectionadd": 1567,
            "localConfirmadd": 318,
            "deadRate": "0.1",
            "healRate": "2.3",
            "date": "09.02",
            "y": "2022"
        },
        {
            "confirm": 35719,
            "suspect": 0,
            "dead": 44,
            "heal": 701,
            "importedCase": 62,
            "infect": 1486,
            "localinfectionadd": 1379,
            "localConfirmadd": 440,
            "deadRate": "0.1",
            "healRate": "2.0",
            "date": "09.03",
            "y": "2022"
        },
        {
            "confirm": 34541,
            "suspect": 0,
            "dead": 49,
            "heal": 851,
            "importedCase": 70,
            "infect": 1464,
            "localinfectionadd": 1359,
            "localConfirmadd": 314,
            "deadRate": "0.1",
            "healRate": "2.5",
            "date": "09.04",
            "y": "2022"
        },
        {
            "confirm": 36117,
            "suspect": 0,
            "dead": 92,
            "heal": 1004,
            "importedCase": 46,
            "infect": 1317,
            "localinfectionadd": 1249,
            "localConfirmadd": 303,
            "deadRate": "0.3",
            "healRate": "2.8",
            "date": "09.05",
            "y": "2022"
        },
        {
            "confirm": 25645,
            "suspect": 0,
            "dead": 131,
            "heal": 1259,
            "importedCase": 46,
            "infect": 1300,
            "localinfectionadd": 1235,
            "localConfirmadd": 218,
            "deadRate": "0.5",
            "healRate": "4.9",
            "date": "09.06",
            "y": "2022"
        },
        {
            "confirm": 38181,
            "suspect": 0,
            "dead": 161,
            "heal": 1612,
            "importedCase": 57,
            "infect": 1315,
            "localinfectionadd": 1247,
            "localConfirmadd": 323,
            "deadRate": "0.4",
            "healRate": "4.2",
            "date": "09.07",
            "y": "2022"
        },
        {
            "confirm": 42864,
            "suspect": 0,
            "dead": 203,
            "heal": 1981,
            "importedCase": 39,
            "infect": 1315,
            "localinfectionadd": 1093,
            "localConfirmadd": 241,
            "deadRate": "0.5",
            "healRate": "4.6",
            "date": "09.08",
            "y": "2022"
        },
        {
            "confirm": 36652,
            "suspect": 0,
            "dead": 41,
            "heal": 744,
            "importedCase": 42,
            "infect": 1103,
            "localinfectionadd": 1033,
            "localConfirmadd": 259,
            "deadRate": "0.1",
            "healRate": "2.0",
            "date": "09.09",
            "y": "2022"
        },
        {
            "confirm": 35716,
            "suspect": 0,
            "dead": 66,
            "heal": 738,
            "importedCase": 51,
            "infect": 1090,
            "localinfectionadd": 994,
            "localConfirmadd": 239,
            "deadRate": "0.2",
            "healRate": "2.1",
            "date": "09.10",
            "y": "2022"
        },
        {
            "confirm": 37129,
            "suspect": 0,
            "dead": 38,
            "heal": 807,
            "importedCase": 55,
            "infect": 1069,
            "localinfectionadd": 959,
            "localConfirmadd": 179,
            "deadRate": "0.1",
            "healRate": "2.2",
            "date": "09.11",
            "y": "2022"
        },
        {
            "confirm": 33358,
            "suspect": 0,
            "dead": 38,
            "heal": 953,
            "importedCase": 62,
            "infect": 868,
            "localinfectionadd": 785,
            "localConfirmadd": 164,
            "deadRate": "0.1",
            "healRate": "2.9",
            "date": "09.12",
            "y": "2022"
        },
        {
            "confirm": 26745,
            "suspect": 0,
            "dead": 39,
            "heal": 714,
            "importedCase": 54,
            "infect": 806,
            "localinfectionadd": 727,
            "localConfirmadd": 188,
            "deadRate": "0.1",
            "healRate": "2.7",
            "date": "09.13",
            "y": "2022"
        },
        {
            "confirm": 48192,
            "suspect": 0,
            "dead": 27,
            "heal": 520,
            "importedCase": 41,
            "infect": 825,
            "localinfectionadd": 762,
            "localConfirmadd": 196,
            "deadRate": "0.1",
            "healRate": "1.1",
            "date": "09.14",
            "y": "2022"
        },
        {
            "confirm": 50813,
            "suspect": 0,
            "dead": 47,
            "heal": 832,
            "importedCase": 41,
            "infect": 916,
            "localinfectionadd": 823,
            "localConfirmadd": 126,
            "deadRate": "0.1",
            "healRate": "1.6",
            "date": "09.15",
            "y": "2022"
        },
        {
            "confirm": 46691,
            "suspect": 0,
            "dead": 63,
            "heal": 1157,
            "importedCase": 59,
            "infect": 825,
            "localinfectionadd": 746,
            "localConfirmadd": 102,
            "deadRate": "0.1",
            "healRate": "2.5",
            "date": "09.16",
            "y": "2022"
        },
        {
            "confirm": 42755,
            "suspect": 0,
            "dead": 62,
            "heal": 646,
            "importedCase": 64,
            "infect": 578,
            "localinfectionadd": 505,
            "localConfirmadd": 76,
            "deadRate": "0.1",
            "healRate": "1.5",
            "date": "09.17",
            "y": "2022"
        },
        {
            "confirm": 40686,
            "suspect": 0,
            "dead": 56,
            "heal": 675,
            "importedCase": 48,
            "infect": 1035,
            "localinfectionadd": 930,
            "localConfirmadd": 106,
            "deadRate": "0.1",
            "healRate": "1.7",
            "date": "09.18",
            "y": "2022"
        },
        {
            "confirm": 40472,
            "suspect": 0,
            "dead": 62,
            "heal": 658,
            "importedCase": 55,
            "infect": 843,
            "localinfectionadd": 715,
            "localConfirmadd": 92,
            "deadRate": "0.2",
            "healRate": "1.6",
            "date": "09.19",
            "y": "2022"
        },
        {
            "confirm": 29269,
            "suspect": 0,
            "dead": 59,
            "heal": 506,
            "importedCase": 48,
            "infect": 637,
            "localinfectionadd": 525,
            "localConfirmadd": 104,
            "deadRate": "0.2",
            "healRate": "1.7",
            "date": "09.20",
            "y": "2022"
        }
    ],
    "provinceCompare": {
        "上海": {
            "nowConfirm": 5,
            "confirmAdd": 5,
            "dead": 0,
            "heal": 0,
            "zero": 0
        },
        "云南": {
            "nowConfirm": 3,
            "confirmAdd": 4,
            "dead": 0,
            "heal": 1,
            "zero": 0
        },
        "内蒙古": {
            "nowConfirm": -5,
            "confirmAdd": 2,
            "dead": 0,
            "heal": 7,
            "zero": 0
        },
        "北京": {
            "nowConfirm": -1,
            "confirmAdd": 8,
            "dead": 0,
            "heal": 9,
            "zero": 0
        },
        "台湾": {
            "nowConfirm": 28352,
            "confirmAdd": 28422,
            "dead": 70,
            "heal": 0,
            "zero": 0
        },
        "吉林": {
            "nowConfirm": -1,
            "confirmAdd": 0,
            "dead": 0,
            "heal": 1,
            "zero": 14
        },
        "四川": {
            "nowConfirm": -40,
            "confirmAdd": 33,
            "dead": 0,
            "heal": 73,
            "zero": 0
        },
        "天津": {
            "nowConfirm": 15,
            "confirmAdd": 18,
            "dead": 0,
            "heal": 3,
            "zero": 0
        },
        "宁夏": {
            "nowConfirm": 0,
            "confirmAdd": 0,
            "dead": 0,
            "heal": 0,
            "zero": 314
        },
        "安徽": {
            "nowConfirm": 0,
            "confirmAdd": 0,
            "dead": 0,
            "heal": 0,
            "zero": 26
        },
        "山东": {
            "nowConfirm": -13,
            "confirmAdd": 2,
            "dead": 0,
            "heal": 15,
            "zero": 0
        },
        "山西": {
            "nowConfirm": -3,
            "confirmAdd": 0,
            "dead": 0,
            "heal": 3,
            "zero": 20
        },
        "广东": {
            "nowConfirm": -37,
            "confirmAdd": 15,
            "dead": 0,
            "heal": 52,
            "zero": 0
        },
        "广西": {
            "nowConfirm": -12,
            "confirmAdd": 0,
            "dead": 0,
            "heal": 12,
            "zero": 1
        },
        "新疆": {
            "nowConfirm": -1,
            "confirmAdd": 0,
            "dead": 0,
            "heal": 1,
            "zero": 2
        },
        "江苏": {
            "nowConfirm": -2,
            "confirmAdd": 1,
            "dead": 0,
            "heal": 3,
            "zero": 0
        },
        "江西": {
            "nowConfirm": -1,
            "confirmAdd": 0,
            "dead": 0,
            "heal": 1,
            "zero": 4
        },
        "河北": {
            "nowConfirm": -1,
            "confirmAdd": 0,
            "dead": 0,
            "heal": 1,
            "zero": 13
        },
        "河南": {
            "nowConfirm": -5,
            "confirmAdd": 2,
            "dead": 0,
            "heal": 7,
            "zero": 0
        },
        "浙江": {
            "nowConfirm": 0,
            "confirmAdd": 1,
            "dead": 0,
            "heal": 1,
            "zero": 0
        },
        "海南": {
            "nowConfirm": 0,
            "confirmAdd": 0,
            "dead": 0,
            "heal": 0,
            "zero": 1
        },
        "湖北": {
            "nowConfirm": -1,
            "confirmAdd": 0,
            "dead": 0,
            "heal": 1,
            "zero": 10
        },
        "湖南": {
            "nowConfirm": 1,
            "confirmAdd": 1,
            "dead": 0,
            "heal": 0,
            "zero": 3
        },
        "澳门": {
            "nowConfirm": 0,
            "confirmAdd": 0,
            "dead": 0,
            "heal": 0,
            "zero": 33
        },
        "甘肃": {
            "nowConfirm": 0,
            "confirmAdd": 0,
            "dead": 0,
            "heal": 0,
            "zero": 7
        },
        "福建": {
            "nowConfirm": -6,
            "confirmAdd": 7,
            "dead": 0,
            "heal": 13,
            "zero": 0
        },
        "西藏": {
            "nowConfirm": 6,
            "confirmAdd": 16,
            "dead": 0,
            "heal": 10,
            "zero": 0
        },
        "贵州": {
            "nowConfirm": 38,
            "confirmAdd": 41,
            "dead": 0,
            "heal": 3,
            "zero": 0
        },
        "辽宁": {
            "nowConfirm": -4,
            "confirmAdd": 0,
            "dead": 0,
            "heal": 4,
            "zero": 1
        },
        "重庆": {
            "nowConfirm": -2,
            "confirmAdd": 1,
            "dead": 0,
            "heal": 3,
            "zero": 0
        },
        "陕西": {
            "nowConfirm": -4,
            "confirmAdd": 0,
            "dead": 0,
            "heal": 4,
            "zero": 1
        },
        "青海": {
            "nowConfirm": -1,
            "confirmAdd": 0,
            "dead": 0,
            "heal": 1,
            "zero": 8
        },
        "香港": {
            "nowConfirm": 106,
            "confirmAdd": 695,
            "dead": 33,
            "heal": 556,
            "zero": 0
        },
        "黑龙江": {
            "nowConfirm": -9,
            "confirmAdd": 4,
            "dead": 0,
            "heal": 13,
            "zero": 0
        }
    },
    "nowConfirmStatis": {
        "gat": 6290628,
        "import": 23080,
        "province": -19235
    },
    "statisGradeCityDetail": [
        {
            "province": "湖南",
            "city": "湘潭",
            "nowConfirm": 3,
            "confirmAdd": 1,
            "confirm": 42,
            "dead": 0,
            "heal": 39,
            "grade": "点击查看详情",
            "date": "09/20",
            "mtime": "2022-09-20 14:38:18",
            "sdate": "09/20",
            "syear": 2022,
            "wzz_add": "0"
        },
        {
            "province": "河南",
            "city": "周口",
            "nowConfirm": 83,
            "confirmAdd": 1,
            "confirm": 184,
            "dead": 1,
            "heal": 100,
            "grade": "点击查看详情",
            "date": "09/20",
            "mtime": "2022-09-20 14:38:17",
            "sdate": "09/20",
            "syear": 2022,
            "wzz_add": "5"
        },
        {
            "province": "贵州",
            "city": "遵义",
            "nowConfirm": 5,
            "confirmAdd": 0,
            "confirm": 60,
            "dead": 0,
            "heal": 55,
            "grade": "点击查看详情",
            "date": "09/20",
            "mtime": "2022-09-20 11:35:14",
            "sdate": "09/16",
            "syear": 2022,
            "wzz_add": "0"
        },
        {
            "province": "天津",
            "city": "宝坻区",
            "nowConfirm": 1,
            "confirmAdd": 0,
            "confirm": 67,
            "dead": 2,
            "heal": 64,
            "grade": "点击查看详情",
            "date": "09/20",
            "mtime": "2022-09-20 11:33:09",
            "sdate": "08/31",
            "syear": 2022,
            "wzz_add": "0"
        },
        {
            "province": "陕西",
            "city": "铜川",
            "nowConfirm": 1,
            "confirmAdd": 0,
            "confirm": 27,
            "dead": 0,
            "heal": 26,
            "grade": "点击查看详情",
            "date": "09/20",
            "mtime": "2022-09-20 11:33:11",
            "sdate": "08/19",
            "syear": 2022,
            "wzz_add": "0"
        },
        {
            "province": "河南",
            "city": "驻马店",
            "nowConfirm": 4,
            "confirmAdd": 0,
            "confirm": 163,
            "dead": 0,
            "heal": 159,
            "grade": "点击查看详情",
            "date": "09/20",
            "mtime": "2022-09-20 11:33:09",
            "sdate": "08/18",
            "syear": 2022,
            "wzz_add": "0"
        },
        {
            "province": "浙江",
            "city": "金华",
            "nowConfirm": 183,
            "confirmAdd": 0,
            "confirm": 240,
            "dead": 0,
            "heal": 57,
            "grade": "点击查看详情",
            "date": "09/20",
            "mtime": "2022-09-20 11:34:31",
            "sdate": "08/18",
            "syear": 2022,
            "wzz_add": "0"
        },
        {
            "province": "贵州",
            "city": "铜仁",
            "nowConfirm": 1,
            "confirmAdd": 0,
            "confirm": 13,
            "dead": 0,
            "heal": 12,
            "grade": "点击查看详情",
            "date": "09/20",
            "mtime": "2022-09-20 11:35:15",
            "sdate": "08/16",
            "syear": 2022,
            "wzz_add": "0"
        },
        {
            "province": "福建",
            "city": "三明",
            "nowConfirm": 1,
            "confirmAdd": 0,
            "confirm": 16,
            "dead": 0,
            "heal": 15,
            "grade": "点击查看详情",
            "date": "09/20",
            "mtime": "2022-09-20 11:35:07",
            "sdate": "08/16",
            "syear": 2022,
            "wzz_add": "0"
        },
        {
            "province": "新疆",
            "city": "博尔塔拉州",
            "nowConfirm": 1,
            "confirmAdd": 0,
            "confirm": 1,
            "dead": 0,
            "heal": 0,
            "grade": "点击查看详情",
            "date": "09/20",
            "mtime": "2022-09-20 11:34:21",
            "sdate": "08/16",
            "syear": 2022,
            "wzz_add": "0"
        },
        {
            "province": "广西",
            "city": "崇左",
            "nowConfirm": 16,
            "confirmAdd": 0,
            "confirm": 33,
            "dead": 0,
            "heal": 17,
            "grade": "点击查看详情",
            "date": "09/20",
            "mtime": "2022-09-20 11:33:42",
            "sdate": "08/16",
            "syear": 2022,
            "wzz_add": "0"
        },
        {
            "province": "湖北",
            "city": "十堰",
            "nowConfirm": 1,
            "confirmAdd": 0,
            "confirm": 674,
            "dead": 8,
            "heal": 665,
            "grade": "点击查看详情",
            "date": "09/20",
            "mtime": "2022-09-20 11:32:55",
            "sdate": "08/14",
            "syear": 2022,
            "wzz_add": "0"
        },
        {
            "province": "浙江",
            "city": "嘉兴",
            "nowConfirm": 132,
            "confirmAdd": 0,
            "confirm": 178,
            "dead": 0,
            "heal": 46,
            "grade": "点击查看详情",
            "date": "09/20",
            "mtime": "2022-09-20 11:34:30",
            "sdate": "08/14",
            "syear": 2022,
            "wzz_add": "0"
        },
        {
            "province": "福建",
            "city": "莆田",
            "nowConfirm": 4,
            "confirmAdd": 0,
            "confirm": 326,
            "dead": 0,
            "heal": 322,
            "grade": "点击查看详情",
            "date": "09/20",
            "mtime": "2022-09-20 11:33:26",
            "sdate": "08/11",
            "syear": 2022,
            "wzz_add": "0"
        },
        {
            "province": "甘肃",
            "city": "张掖",
            "nowConfirm": 1,
            "confirmAdd": 0,
            "confirm": 18,
            "dead": 0,
            "heal": 17,
            "grade": "点击查看详情",
            "date": "09/20",
            "mtime": "2022-09-20 11:33:21",
            "sdate": "08/11",
            "syear": 2022,
            "wzz_add": "1"
        },
        {
            "province": "海南",
            "city": "琼海",
            "nowConfirm": 11,
            "confirmAdd": 0,
            "confirm": 22,
            "dead": 1,
            "heal": 10,
            "grade": "点击查看详情",
            "date": "09/20",
            "mtime": "2022-09-20 11:33:00",
            "sdate": "08/11",
            "syear": 2022,
            "wzz_add": "0"
        },
        {
            "province": "湖北",
            "city": "潜江",
            "nowConfirm": 1,
            "confirmAdd": 0,
            "confirm": 200,
            "dead": 9,
            "heal": 190,
            "grade": "点击查看详情",
            "date": "09/20",
            "mtime": "2022-09-20 11:32:54",
            "sdate": "08/10",
            "syear": 2022,
            "wzz_add": "0"
        },
        {
            "province": "浙江",
            "city": "衢州",
            "nowConfirm": 96,
            "confirmAdd": 0,
            "confirm": 118,
            "dead": 0,
            "heal": 22,
            "grade": "点击查看详情",
            "date": "09/20",
            "mtime": "2022-09-20 11:34:31",
            "sdate": "08/10",
            "syear": 2022,
            "wzz_add": "0"
        },
        {
            "province": "重庆",
            "city": "渝北区",
            "nowConfirm": 1,
            "confirmAdd": 0,
            "confirm": 22,
            "dead": 0,
            "heal": 21,
            "grade": "点击查看详情",
            "date": "09/20",
            "mtime": "2022-09-20 11:34:59",
            "sdate": "08/10",
            "syear": 2022,
            "wzz_add": "0"
        },
        {
            "province": "北京",
            "city": "石景山",
            "nowConfirm": 20,
            "confirmAdd": 0,
            "confirm": 37,
            "dead": 0,
            "heal": 17,
            "grade": "点击查看详情",
            "date": "09/20",
            "mtime": "2022-09-20 11:34:28",
            "sdate": "08/08",
            "syear": 2022,
            "wzz_add": "0"
        },
        {
            "province": "北京",
            "city": "怀柔",
            "nowConfirm": 6,
            "confirmAdd": 0,
            "confirm": 10,
            "dead": 0,
            "heal": 4,
            "grade": "点击查看详情",
            "date": "09/20",
            "mtime": "2022-09-20 11:34:27",
            "sdate": "08/07",
            "syear": 2022,
            "wzz_add": "0"
        },
        {
            "province": "内蒙古",
            "city": "巴彦淖尔",
            "nowConfirm": 2,
            "confirmAdd": 0,
            "confirm": 45,
            "dead": 1,
            "heal": 42,
            "grade": "全部低风险",
            "date": "09/20",
            "mtime": "2022-09-20 11:33:30",
            "sdate": "08/07",
            "syear": 2022,
            "wzz_add": "0"
        },
        {
            "province": "浙江",
            "city": "丽水",
            "nowConfirm": 6,
            "confirmAdd": 0,
            "confirm": 23,
            "dead": 0,
            "heal": 17,
            "grade": "点击查看详情",
            "date": "09/20",
            "mtime": "2022-09-20 11:33:05",
            "sdate": "08/05",
            "syear": 2022,
            "wzz_add": "0"
        },
        {
            "province": "山东",
            "city": "菏泽",
            "nowConfirm": 3,
            "confirmAdd": 0,
            "confirm": 37,
            "dead": 0,
            "heal": 34,
            "grade": "点击查看详情",
            "date": "09/20",
            "mtime": "2022-09-20 11:33:40",
            "sdate": "08/04",
            "syear": 2022,
            "wzz_add": "0"
        },
        {
            "province": "广西",
            "city": "百色",
            "nowConfirm": 1,
            "confirmAdd": 0,
            "confirm": 284,
            "dead": 0,
            "heal": 283,
            "grade": "点击查看详情",
            "date": "09/20",
            "mtime": "2022-09-20 11:33:43",
            "sdate": "07/31",
            "syear": 2022,
            "wzz_add": "0"
        },
        {
            "province": "河南",
            "city": "信阳",
            "nowConfirm": 11,
            "confirmAdd": 0,
            "confirm": 294,
            "dead": 2,
            "heal": 281,
            "grade": "点击查看详情",
            "date": "09/20",
            "mtime": "2022-09-20 11:33:07",
            "sdate": "07/29",
            "syear": 2022,
            "wzz_add": "0"
        },
        {
            "province": "四川",
            "city": "眉山",
            "nowConfirm": 28,
            "confirmAdd": 0,
            "confirm": 37,
            "dead": 0,
            "heal": 9,
            "grade": "点击查看详情",
            "date": "09/20",
            "mtime": "2022-09-20 11:35:09",
            "sdate": "07/29",
            "syear": 2022,
            "wzz_add": "0"
        },
        {
            "province": "河南",
            "city": "商丘",
            "nowConfirm": 3,
            "confirmAdd": 0,
            "confirm": 114,
            "dead": 3,
            "heal": 108,
            "grade": "点击查看详情",
            "date": "09/20",
            "mtime": "2022-09-20 11:34:47",
            "sdate": "07/28",
            "syear": 2022,
            "wzz_add": "0"
        },
        {
            "province": "上海",
            "city": "静安",
            "nowConfirm": 862,
            "confirmAdd": 0,
            "confirm": 3279,
            "dead": 1,
            "heal": 2416,
            "grade": "点击查看详情",
            "date": "09/20",
            "mtime": "2022-09-20 11:32:46",
            "sdate": "07/26",
            "syear": 2022,
            "wzz_add": "0"
        },
        {
            "province": "云南",
            "city": "红河",
            "nowConfirm": 1,
            "confirmAdd": 0,
            "confirm": 39,
            "dead": 0,
            "heal": 38,
            "grade": "点击查看详情",
            "date": "09/20",
            "mtime": "2022-09-20 11:33:35",
            "sdate": "07/23",
            "syear": 2022,
            "wzz_add": "1"
        },
        {
            "province": "广东",
            "city": "中山",
            "nowConfirm": 28,
            "confirmAdd": 0,
            "confirm": 112,
            "dead": 0,
            "heal": 84,
            "grade": "点击查看详情",
            "date": "09/20",
            "mtime": "2022-09-20 11:34:51",
            "sdate": "07/23",
            "syear": 2022,
            "wzz_add": "0"
        },
        {
            "province": "广东",
            "city": "珠海",
            "nowConfirm": 42,
            "confirmAdd": 0,
            "confirm": 227,
            "dead": 1,
            "heal": 184,
            "grade": "点击查看详情",
            "date": "09/20",
            "mtime": "2022-09-20 11:34:50",
            "sdate": "07/20",
            "syear": 2022,
            "wzz_add": "0"
        },
        {
            "province": "天津",
            "city": "滨海新区",
            "nowConfirm": 3,
            "confirmAdd": 0,
            "confirm": 89,
            "dead": 0,
            "heal": 86,
            "grade": "点击查看详情",
            "date": "09/20",
            "mtime": "2022-09-20 11:33:10",
            "sdate": "07/19",
            "syear": 2022,
            "wzz_add": "0"
        },
        {
            "province": "江苏",
            "city": "连云港",
            "nowConfirm": 12,
            "confirmAdd": 0,
            "confirm": 205,
            "dead": 0,
            "heal": 193,
            "grade": "点击查看详情",
            "date": "09/20",
            "mtime": "2022-09-20 11:33:33",
            "sdate": "07/18",
            "syear": 2022,
            "wzz_add": "0"
        },
        {
            "province": "上海",
            "city": "长宁",
            "nowConfirm": 538,
            "confirmAdd": 0,
            "confirm": 2414,
            "dead": 0,
            "heal": 1876,
            "grade": "点击查看详情",
            "date": "09/20",
            "mtime": "2022-09-20 11:32:45",
            "sdate": "07/16",
            "syear": 2022,
            "wzz_add": "0"
        },
        {
            "province": "江苏",
            "city": "无锡",
            "nowConfirm": 48,
            "confirmAdd": 0,
            "confirm": 103,
            "dead": 0,
            "heal": 55,
            "grade": "点击查看详情",
            "date": "09/20",
            "mtime": "2022-09-20 11:33:35",
            "sdate": "07/16",
            "syear": 2022,
            "wzz_add": "0"
        },
        {
            "province": "上海",
            "city": "嘉定",
            "nowConfirm": 276,
            "confirmAdd": 0,
            "confirm": 2636,
            "dead": 2,
            "heal": 2358,
            "grade": "点击查看详情",
            "date": "09/20",
            "mtime": "2022-09-20 11:34:17",
            "sdate": "07/15",
            "syear": 2022,
            "wzz_add": "0"
        },
        {
            "province": "浙江",
            "city": "舟山",
            "nowConfirm": 20,
            "confirmAdd": 0,
            "confirm": 30,
            "dead": 0,
            "heal": 10,
            "grade": "点击查看详情",
            "date": "09/20",
            "mtime": "2022-09-20 11:33:04",
            "sdate": "07/12",
            "syear": 2022,
            "wzz_add": "0"
        },
        {
            "province": "广东",
            "city": "韶关",
            "nowConfirm": 1,
            "confirmAdd": 0,
            "confirm": 13,
            "dead": 1,
            "heal": 11,
            "grade": "点击查看详情",
            "date": "09/20",
            "mtime": "2022-09-20 11:34:53",
            "sdate": "07/11",
            "syear": 2022,
            "wzz_add": "0"
        },
        {
            "province": "上海",
            "city": "虹口",
            "nowConfirm": 1068,
            "confirmAdd": 0,
            "confirm": 3700,
            "dead": 0,
            "heal": 2632,
            "grade": "点击查看详情",
            "date": "09/20",
            "mtime": "2022-09-20 11:34:19",
            "sdate": "07/11",
            "syear": 2022,
            "wzz_add": "0"
        },
        {
            "province": "江苏",
            "city": "徐州",
            "nowConfirm": 81,
            "confirmAdd": 0,
            "confirm": 160,
            "dead": 0,
            "heal": 79,
            "grade": "点击查看详情",
            "date": "09/20",
            "mtime": "2022-09-20 11:35:19",
            "sdate": "07/10",
            "syear": 2022,
            "wzz_add": "0"
        },
        {
            "province": "福建",
            "city": "宁德",
            "nowConfirm": 67,
            "confirmAdd": 0,
            "confirm": 93,
            "dead": 0,
            "heal": 26,
            "grade": "点击查看详情",
            "date": "09/20",
            "mtime": "2022-09-20 11:33:26",
            "sdate": "07/10",
            "syear": 2022,
            "wzz_add": "0"
        },
        {
            "province": "广东",
            "city": "阳江",
            "nowConfirm": 1,
            "confirmAdd": 0,
            "confirm": 16,
            "dead": 0,
            "heal": 15,
            "grade": "点击查看详情",
            "date": "09/20",
            "mtime": "2022-09-20 11:33:17",
            "sdate": "07/10",
            "syear": 2022,
            "wzz_add": "0"
        },
        {
            "province": "上海",
            "city": "普陀",
            "nowConfirm": 499,
            "confirmAdd": 0,
            "confirm": 1790,
            "dead": 0,
            "heal": 1291,
            "grade": "点击查看详情",
            "date": "09/20",
            "mtime": "2022-09-20 11:32:44",
            "sdate": "07/09",
            "syear": 2022,
            "wzz_add": "0"
        },
        {
            "province": "广东",
            "city": "河源",
            "nowConfirm": 2,
            "confirmAdd": 0,
            "confirm": 9,
            "dead": 0,
            "heal": 7,
            "grade": "点击查看详情",
            "date": "09/20",
            "mtime": "2022-09-20 11:34:49",
            "sdate": "07/07",
            "syear": 2022,
            "wzz_add": "0"
        },
        {
            "province": "北京",
            "city": "经济开发区",
            "nowConfirm": 14,
            "confirmAdd": 0,
            "confirm": 14,
            "dead": 0,
            "heal": 0,
            "grade": "点击查看详情",
            "date": "09/20",
            "mtime": "2022-09-20 11:32:24",
            "sdate": "06/27",
            "syear": 2022,
            "wzz_add": ""
        },
        {
            "province": "北京",
            "city": "西城",
            "nowConfirm": 69,
            "confirmAdd": 0,
            "confirm": 115,
            "dead": 0,
            "heal": 46,
            "grade": "点击查看详情",
            "date": "09/20",
            "mtime": "2022-09-20 11:34:27",
            "sdate": "06/16",
            "syear": 2022,
            "wzz_add": "0"
        },
        {
            "province": "河北",
            "city": "廊坊",
            "nowConfirm": 142,
            "confirmAdd": 0,
            "confirm": 317,
            "dead": 0,
            "heal": 175,
            "grade": "点击查看详情",
            "date": "09/20",
            "mtime": "2022-09-20 11:34:55",
            "sdate": "06/16",
            "syear": 2022,
            "wzz_add": "0"
        },
        {
            "province": "北京",
            "city": "门头沟",
            "nowConfirm": 14,
            "confirmAdd": 0,
            "confirm": 18,
            "dead": 0,
            "heal": 4,
            "grade": "点击查看详情",
            "date": "09/20",
            "mtime": "2022-09-20 11:34:26",
            "sdate": "06/14",
            "syear": 2022,
            "wzz_add": "0"
        },
        {
            "province": "上海",
            "city": "奉贤",
            "nowConfirm": 89,
            "confirmAdd": 0,
            "confirm": 242,
            "dead": 0,
            "heal": 153,
            "grade": "点击查看详情",
            "date": "09/20",
            "mtime": "2022-09-20 11:34:19",
            "sdate": "06/12",
            "syear": 2022,
            "wzz_add": "0"
        },
        {
            "province": "上海",
            "city": "青浦",
            "nowConfirm": 72,
            "confirmAdd": 0,
            "confirm": 1325,
            "dead": 0,
            "heal": 1253,
            "grade": "点击查看详情",
            "date": "09/20",
            "mtime": "2022-09-20 11:32:44",
            "sdate": "06/12",
            "syear": 2022,
            "wzz_add": "0"
        },
        {
            "province": "北京",
            "city": "密云",
            "nowConfirm": 10,
            "confirmAdd": 0,
            "confirm": 10,
            "dead": 0,
            "heal": 0,
            "grade": "点击查看详情",
            "date": "09/20",
            "mtime": "2022-09-20 11:34:29",
            "sdate": "06/11",
            "syear": 2022,
            "wzz_add": "0"
        },
        {
            "province": "河南",
            "city": "许昌",
            "nowConfirm": 131,
            "confirmAdd": 0,
            "confirm": 568,
            "dead": 1,
            "heal": 436,
            "grade": "全部低风险",
            "date": "09/20",
            "mtime": "2022-09-20 11:34:48",
            "sdate": "06/02",
            "syear": 2022,
            "wzz_add": "0"
        },
        {
            "province": "天津",
            "city": "红桥区",
            "nowConfirm": 2,
            "confirmAdd": 0,
            "confirm": 38,
            "dead": 0,
            "heal": 36,
            "grade": "点击查看详情",
            "date": "09/20",
            "mtime": "2022-09-20 11:34:41",
            "sdate": "05/27",
            "syear": 2022,
            "wzz_add": "0"
        },
        {
            "province": "河南",
            "city": "平顶山",
            "nowConfirm": 11,
            "confirmAdd": 0,
            "confirm": 71,
            "dead": 1,
            "heal": 59,
            "grade": "点击查看详情",
            "date": "09/20",
            "mtime": "2022-09-20 11:33:07",
            "sdate": "05/26",
            "syear": 2022,
            "wzz_add": "0"
        },
        {
            "province": "吉林",
            "city": "通化",
            "nowConfirm": 1,
            "confirmAdd": 0,
            "confirm": 314,
            "dead": 1,
            "heal": 312,
            "grade": "点击查看详情",
            "date": "09/20",
            "mtime": "2022-09-20 11:34:38",
            "sdate": "05/24",
            "syear": 2022,
            "wzz_add": "0"
        },
        {
            "province": "上海",
            "city": "崇明",
            "nowConfirm": 171,
            "confirmAdd": 0,
            "confirm": 396,
            "dead": 0,
            "heal": 225,
            "grade": "点击查看详情",
            "date": "09/20",
            "mtime": "2022-09-20 11:34:18",
            "sdate": "05/20",
            "syear": 2022,
            "wzz_add": "0"
        },
        {
            "province": "上海",
            "city": "金山",
            "nowConfirm": 11,
            "confirmAdd": 0,
            "confirm": 339,
            "dead": 0,
            "heal": 328,
            "grade": "点击查看详情",
            "date": "09/20",
            "mtime": "2022-09-20 11:34:18",
            "sdate": "05/17",
            "syear": 2022,
            "wzz_add": "0"
        },
        {
            "province": "辽宁",
            "city": "营口",
            "nowConfirm": 93,
            "confirmAdd": 0,
            "confirm": 218,
            "dead": 0,
            "heal": 125,
            "grade": "点击查看详情",
            "date": "09/20",
            "mtime": "2022-09-20 11:33:37",
            "sdate": "05/16",
            "syear": 2022,
            "wzz_add": "0"
        },
        {
            "province": "河北",
            "city": "唐山",
            "nowConfirm": 20,
            "confirmAdd": 0,
            "confirm": 96,
            "dead": 1,
            "heal": 75,
            "grade": "点击查看详情",
            "date": "09/20",
            "mtime": "2022-09-20 11:34:53",
            "sdate": "05/15",
            "syear": 2022,
            "wzz_add": "3"
        },
        {
            "province": "河南",
            "city": "濮阳",
            "nowConfirm": 10,
            "confirmAdd": 0,
            "confirm": 27,
            "dead": 0,
            "heal": 17,
            "grade": "点击查看详情",
            "date": "09/20",
            "mtime": "2022-09-20 11:34:46",
            "sdate": "05/11",
            "syear": 2022,
            "wzz_add": "0"
        },
        {
            "province": "湖南",
            "city": "怀化",
            "nowConfirm": 1,
            "confirmAdd": 0,
            "confirm": 65,
            "dead": 0,
            "heal": 64,
            "grade": "点击查看详情",
            "date": "09/20",
            "mtime": "2022-09-20 11:33:39",
            "sdate": "05/09",
            "syear": 2022,
            "wzz_add": "0"
        },
        {
            "province": "河北",
            "city": "定州",
            "nowConfirm": 6,
            "confirmAdd": 0,
            "confirm": 8,
            "dead": 0,
            "heal": 2,
            "grade": "点击查看详情",
            "date": "09/20",
            "mtime": "2022-09-20 11:34:55",
            "sdate": "05/08",
            "syear": 2022,
            "wzz_add": "0"
        },
        {
            "province": "湖南",
            "city": "湘西自治州",
            "nowConfirm": 3,
            "confirmAdd": 0,
            "confirm": 13,
            "dead": 0,
            "heal": 10,
            "grade": "点击查看详情",
            "date": "09/20",
            "mtime": "2022-09-20 11:35:39",
            "sdate": "05/07",
            "syear": 2022,
            "wzz_add": "0"
        },
        {
            "province": "江西",
            "city": "上饶",
            "nowConfirm": 2,
            "confirmAdd": 0,
            "confirm": 328,
            "dead": 0,
            "heal": 326,
            "grade": "全部低风险",
            "date": "09/20",
            "mtime": "2022-09-20 11:35:16",
            "sdate": "05/06",
            "syear": 2022,
            "wzz_add": "0"
        },
        {
            "province": "浙江",
            "city": "湖州",
            "nowConfirm": 27,
            "confirmAdd": 0,
            "confirm": 37,
            "dead": 0,
            "heal": 10,
            "grade": "点击查看详情",
            "date": "09/20",
            "mtime": "2022-09-20 11:34:30",
            "sdate": "05/05",
            "syear": 2022,
            "wzz_add": "0"
        },
        {
            "province": "江苏",
            "city": "淮安",
            "nowConfirm": 5,
            "confirmAdd": 0,
            "confirm": 83,
            "dead": 0,
            "heal": 78,
            "grade": "点击查看详情",
            "date": "09/20",
            "mtime": "2022-09-20 11:33:34",
            "sdate": "05/05",
            "syear": 2022,
            "wzz_add": "0"
        },
        {
            "province": "江苏",
            "city": "盐城",
            "nowConfirm": 41,
            "confirmAdd": 0,
            "confirm": 68,
            "dead": 0,
            "heal": 27,
            "grade": "点击查看详情",
            "date": "09/20",
            "mtime": "2022-09-20 11:35:21",
            "sdate": "05/04",
            "syear": 2022,
            "wzz_add": "0"
        },
        {
            "province": "湖南",
            "city": "邵阳",
            "nowConfirm": 51,
            "confirmAdd": 0,
            "confirm": 154,
            "dead": 1,
            "heal": 102,
            "grade": "点击查看详情",
            "date": "09/20",
            "mtime": "2022-09-20 11:35:41",
            "sdate": "05/01",
            "syear": 2022,
            "wzz_add": "0"
        },
        {
            "province": "江苏",
            "city": "泰州",
            "nowConfirm": 10,
            "confirmAdd": 0,
            "confirm": 47,
            "dead": 0,
            "heal": 37,
            "grade": "点击查看详情",
            "date": "09/20",
            "mtime": "2022-09-20 11:35:21",
            "sdate": "05/01",
            "syear": 2022,
            "wzz_add": "0"
        },
        {
            "province": "吉林",
            "city": "吉林市",
            "nowConfirm": 3,
            "confirmAdd": 0,
            "confirm": 14097,
            "dead": 1,
            "heal": 14093,
            "grade": "点击查看详情",
            "date": "09/20",
            "mtime": "2022-09-20 11:32:55",
            "sdate": "04/29",
            "syear": 2022,
            "wzz_add": "0"
        },
        {
            "province": "河北",
            "city": "保定",
            "nowConfirm": 18,
            "confirmAdd": 0,
            "confirm": 56,
            "dead": 0,
            "heal": 38,
            "grade": "点击查看详情",
            "date": "09/20",
            "mtime": "2022-09-20 11:34:53",
            "sdate": "04/28",
            "syear": 2022,
            "wzz_add": "0"
        },
        {
            "province": "江苏",
            "city": "苏州",
            "nowConfirm": 23,
            "confirmAdd": 0,
            "confirm": 228,
            "dead": 0,
            "heal": 205,
            "grade": "点击查看详情",
            "date": "09/20",
            "mtime": "2022-09-20 11:33:34",
            "sdate": "04/27",
            "syear": 2022,
            "wzz_add": "0"
        },
        {
            "province": "河北",
            "city": "秦皇岛",
            "nowConfirm": 12,
            "confirmAdd": 0,
            "confirm": 22,
            "dead": 1,
            "heal": 9,
            "grade": "点击查看详情",
            "date": "09/20",
            "mtime": "2022-09-20 11:34:56",
            "sdate": "04/24",
            "syear": 2022,
            "wzz_add": "0"
        },
        {
            "province": "河北",
            "city": "衡水",
            "nowConfirm": 1,
            "confirmAdd": 0,
            "confirm": 14,
            "dead": 0,
            "heal": 13,
            "grade": "点击查看详情",
            "date": "09/20",
            "mtime": "2022-09-20 11:33:20",
            "sdate": "04/21",
            "syear": 2022,
            "wzz_add": "0"
        },
        {
            "province": "河南",
            "city": "漯河",
            "nowConfirm": 8,
            "confirmAdd": 0,
            "confirm": 44,
            "dead": 0,
            "heal": 36,
            "grade": "点击查看详情",
            "date": "09/20",
            "mtime": "2022-09-20 11:34:47",
            "sdate": "04/21",
            "syear": 2022,
            "wzz_add": "0"
        },
        {
            "province": "吉林",
            "city": "四平",
            "nowConfirm": 1,
            "confirmAdd": 0,
            "confirm": 244,
            "dead": 1,
            "heal": 242,
            "grade": "点击查看详情",
            "date": "09/20",
            "mtime": "2022-09-20 11:34:38",
            "sdate": "04/16",
            "syear": 2022,
            "wzz_add": "0"
        },
        {
            "province": "河北",
            "city": "邯郸",
            "nowConfirm": 23,
            "confirmAdd": 0,
            "confirm": 64,
            "dead": 0,
            "heal": 41,
            "grade": "点击查看详情",
            "date": "09/20",
            "mtime": "2022-09-20 11:33:20",
            "sdate": "04/14",
            "syear": 2022,
            "wzz_add": "0"
        },
        {
            "province": "江苏",
            "city": "镇江",
            "nowConfirm": 12,
            "confirmAdd": 0,
            "confirm": 24,
            "dead": 0,
            "heal": 12,
            "grade": "点击查看详情",
            "date": "09/20",
            "mtime": "2022-09-20 11:35:20",
            "sdate": "04/08",
            "syear": 2022,
            "wzz_add": "0"
        },
        {
            "province": "辽宁",
            "city": "阜新",
            "nowConfirm": 2,
            "confirmAdd": 0,
            "confirm": 10,
            "dead": 0,
            "heal": 8,
            "grade": "点击查看详情",
            "date": "09/20",
            "mtime": "2022-09-20 11:35:46",
            "sdate": "",
            "syear": 0,
            "wzz_add": "0"
        },
        {
            "province": "辽宁",
            "city": "葫芦岛",
            "nowConfirm": 19,
            "confirmAdd": 0,
            "confirm": 227,
            "dead": 1,
            "heal": 207,
            "grade": "点击查看详情",
            "date": "09/20",
            "mtime": "2022-09-20 11:36:28",
            "sdate": "",
            "syear": 0,
            "wzz_add": "0"
        },
        {
            "province": "江苏",
            "city": "南通",
            "nowConfirm": 1,
            "confirmAdd": 0,
            "confirm": 41,
            "dead": 0,
            "heal": 40,
            "grade": "点击查看详情",
            "date": "09/20",
            "mtime": "2022-09-20 11:35:22",
            "sdate": "",
            "syear": 0,
            "wzz_add": "0"
        },
        {
            "province": "河北",
            "city": "沧州",
            "nowConfirm": 77,
            "confirmAdd": 0,
            "confirm": 138,
            "dead": 3,
            "heal": 58,
            "grade": "点击查看详情",
            "date": "09/20",
            "mtime": "2022-09-20 11:33:19",
            "sdate": "",
            "syear": 0,
            "wzz_add": "0"
        },
        {
            "province": "辽宁",
            "city": "鞍山",
            "nowConfirm": 5,
            "confirmAdd": 0,
            "confirm": 19,
            "dead": 0,
            "heal": 14,
            "grade": "点击查看详情",
            "date": "09/20",
            "mtime": "2022-09-20 11:33:36",
            "sdate": "",
            "syear": 0,
            "wzz_add": "0"
        },
        {
            "province": "江苏",
            "city": "常州",
            "nowConfirm": 30,
            "confirmAdd": 0,
            "confirm": 84,
            "dead": 0,
            "heal": 54,
            "grade": "点击查看详情",
            "date": "09/20",
            "mtime": "2022-09-20 11:35:20",
            "sdate": "",
            "syear": 0,
            "wzz_add": "0"
        }
    ],
    "dailyNewAddHistory": [],
    "dailyHistory": [],
    "wuhanDayList": [],
    "articleList": []
}